image_id,x_min,y_min,x_max,y_max,class_id
001_r1.png,450.42969600000004,244.29042600000002,467.179776,261.02991,1
001_r1.png,747.710208,189.85014600000002,781.210368,224.75035799999998,0
001_r1.png,562.079808,277.78045199999997,577.439424,294.530412,1
001_r1.png,880.2996479999999,208.00039800000002,897.049728,221.96024999999997,1
001_r1.png,1077.0894720000001,228.9297,1092.4398720000002,241.48926,1
001_r1.png,742.12992,233.119518,793.769472,399.20951399999996,2
001_r1.png,610.929792,231.72039,627.679872,245.680242,1
001_r2.png,538.360128,305.700156,626.279616,471.77967600000005,2
001_r2.png,405.260352,346.12994999999995,425.43072,364.75045800000004,1
001_r2.png,658.2297599999999,253.009368,675.309312,265.419936,1
001_r2.png,360.249408,400.44917399999997,381.979584,419.069682,1
001_r2.png,250.05945599999998,403.549488,270.229824,417.51981599999993,1
001_r2.png,532.520064,262.320204,563.5595519999999,299.570532,0
001_r2.png,849.129408,215.760204,869.2997760000001,237.48975600000003,1
001_v1.png,813.430656,190.930338,830.510208,206.44994999999997,1
001_v1.png,659.780352,219.160248,711.419904,399.21009599999996,2
001_v1.png,979.4995200000001,180.09931799999998,998.099712,198.689562,1
001_v1.png,892.590336,226.61916,915.869952,243.69969600000002,1
001_v1.png,551.150208,225.07045800000003,574.429824,240.59007,1
001_v1.png,361.8,257.66013000000004,381.97958400000005,276.28995000000003,1
001_v1.png,656.679744,178.50987600000002,695.480256,215.760204,0
001_v2.png,1105.210368,100.91006999999999,1122.280704,117.98013,1
001_v2.png,1066.409856,153.68000999999998,1089.689472,173.89985400000003,1
001_v2.png,793.7700480000001,191.249856,863.550144,371.290392,2
001_v2.png,785.49984,149.02051799999998,824.3003520000001,187.82012999999998,0
001_v2.png,537.18048,265.419936,555.800256,283.99970399999995,1
001_v2.png,686.169792,204.900084,706.349376,225.069876,1
001_v2.png,943.8007680000001,142.81989000000002,963.980352,161.440398,1
002_r1.png,841.3701120000001,221.96956200000002,866.2003200000001,249.899742,1
002_r1.png,714.209472,180.080112,743.519808,304.299864,2
002_r1.png,718.760448,142.81989000000002,751.3505279999999,180.059742,0
002_r1.png,437.85043199999996,234.38012999999998,456.470208,254.560398,1
002_r1.png,501.479424,184.72039800000002,527.86944,204.900666,1
002_r1.png,495.269568,248.349876,520.110144,270.079428,1
002_r1.png,900.349632,237.489174,918.9694079999999,256.10968199999996,1
002_r2.png,669.0994559999999,138.16039800000001,697.0296960000001,167.650338,0
002_r2.png,875.510208,212.660472,895.689792,235.94047200000003,1
002_r2.png,850.68,207.99981599999998,872.4101760000001,229.72936800000002,1
002_r2.png,437.84985600000005,256.110264,478.199808,298.00029600000005,1
002_r2.png,454.919616,203.34032399999998,476.649792,226.620324,1
002_r2.png,668.160576,175.89960599999998,704.440512,295.930122,2
002_v1.png,886.38048,192.48020400000001,911.2003199999999,218.900676,1
002_v1.png,515.4497279999999,226.620324,538.729344,249.900324,1
002_v1.png,490.620096,214.21033799999998,512.299584,232.800582,1
002_v1.png,714.109824,130.399428,745.149312,167.64975600000002,0
002_v1.png,936.0403200000001,145.920204,959.319936,170.75065200000003,1
002_v1.png,722.590272,175.899606,750.499776,293.129538,2
002_v1.png,954.6693120000001,206.44995,971.7396480000001,232.829682,1
002_v2.png,963.980352,220.42027800000002,982.6001279999999,239.040786,1
002_v2.png,721.8696960000001,130.40001,751.349376,169.199622,0
002_v2.png,515.449728,215.76020400000002,540.279936,251.460084,1
002_v2.png,948.4600320000001,156.779742,963.979776,175.40956199999997,1
002_v2.png,912.760128,206.45053199999998,932.9397120000001,228.18008400000002,1
002_v2.png,722.589696,171.71036999999998,757.4791680000001,293.13070200000004,2
003_r1.png,473.54976,234.380712,492.169536,256.110264,1
003_r1.png,572.870016,194.02948800000001,599.2600319999999,242.13993599999998,1
003_r1.png,925.1798400000001,203.339742,943.799616,221.969562,1
003_r1.png,787.049856,150.57969599999998,819.6399359999999,194.02948800000001,1
003_r1.png,458.030016,291.810144,476.64979200000005,311.979936,1
003_r1.png,690.490368,203.80941599999997,736.5404159999999,376.87992,2
003_r1.png,687.7198080000001,161.440398,721.8696960000001,200.24001,0
003_r2.png,701.649792,173.109498,756.079488,350.359926,2
003_r2.png,793.259712,121.090338,828.949824,170.75007,1
003_r2.png,579.0804479999999,173.85969599999999,603.910656,217.30948800000002,1
003_r2.png,465.79046400000004,270.08059199999997,489.07008,291.810144,1
003_r2.png,484.409664,218.859936,506.13983999999994,243.69969600000002,1
003_r2.png,701.6901119999999,133.499742,732.7296,172.299354,0
003_r2.png,932.940288,183.170532,956.219904,206.45053200000004,1
003_v1.png,535.6298879999999,166.10047200000002,562.009536,218.859936,1
003_v1.png,627.6798719999999,189.85014600000002,679.3194239999999,368.49970199999996,2
003_v1.png,624.09024,152.13014399999997,656.6803199999999,186.270264,0
003_v1.png,425.43072,254.559816,445.610304,276.289368,1
003_v1.png,746.70048,128.850144,773.080128,173.85969599999999,1
003_v1.png,852.2294400000001,133.500324,873.9596160000001,156.780324,1
003_v1.png,886.3804799999999,178.510458,908.1106560000001,195.58051799999998,1
003_v2.png,626.2801919999999,188.46032999999997,682.11072,367.109886,2
003_v2.png,887.9299199999999,180.060324,906.6003840000001,204.90008400000002,1
003_v2.png,852.240384,127.299696,877.1005439999999,156.80011199999998,1
003_v2.png,742.0400639999999,127.299696,777.740544,173.85969599999999,1
003_v2.png,535.630464,166.09989000000002,565.110144,220.42027800000002,1
003_v2.png,426.990528,254.559234,445.610304,273.179742,1
003_v2.png,624.090816,153.68059199999996,658.2303360000001,186.270264,0
004_r1.png,731.180736,343.019742,757.560384,370.95923400000004,0
004_r1.png,827.4003839999999,164.53954799999997,847.6007040000001,189.369996,1
004_r1.png,855.340416,215.760204,878.620032,239.04020400000002,1
004_r1.png,999.670464,221.969562,1029.160512,285.599622,1
004_r1.png,498.37939200000005,299.57053199999996,523.2096,366.300324,1
004_r1.png,1022.95008,207.99981599999998,1050.8895360000001,232.830264,1
004_r1.png,729.600192,249.90032399999998,757.5603839999999,308.880204,0
004_r1.png,712.550016,204.900084,735.829632,237.48975600000003,0
004_r1.png,724.9703039999999,144.40002,762.220224,187.819548,0
004_r1.png,558.909504,296.460324,579.079872,318.189876,1
004_r1.png,633.4007039999999,204.900084,656.6803199999999,228.18008400000002,1
004_r2.png,543.3903359999999,260.770338,566.669952,287.15006999999997,1
004_r2.png,1021.40064,186.270264,1049.340096,211.10071200000002,1
004_r2.png,971.739648,198.689562,996.5698560000001,262.31962200000004,1
004_r2.png,852.230016,178.509294,875.509632,209.54968200000002,1
004_r2.png,802.570176,131.949294,822.74976,152.129562,1
004_r2.png,599.2600319999999,162.99026399999997,616.3303679999999,186.270264,1
004_r2.png,475.100352,256.110264,495.27072,324.399816,1
004_r2.png,723.419712,313.539696,752.90976,347.67981599999996,0
004_r2.png,720.310464,254.559234,749.8005119999999,285.599622,0
004_r2.png,721.8696960000001,231.279234,743.5895039999999,249.89974199999997,0
004_r2.png,698.59008,189.37989,723.420288,217.31006999999997,0
004_r2.png,695.4802559999999,114.87981599999999,734.2807680000001,159.889368,0
004_v1.png,830.510208,147.47007000000002,852.230016,175.40956200000002,1
004_v1.png,717.2098560000001,141.26013,749.799936,173.86027800000002,0
004_v1.png,729.630144,204.899502,768.430656,242.139354,0
004_v1.png,738.899712,279.40074,766.900224,310.40038799999996,0
004_v1.png,752.9103359999999,338.37072600000005,777.740544,377.17033799999996,0
004_v1.png,425.43014400000004,277.839816,444.060288,302.670264,1
004_v1.png,465.79046400000004,279.390264,489.07008,347.679816,1
004_v1.png,600.8100479999999,251.45950200000001,627.1896959999999,282.49989,1
004_v1.png,630.29952,189.38047199999997,655.099776,212.660472,1
004_v1.png,974.83968,206.45053199999998,1001.229696,273.180324,1
004_v1.png,903.45024,217.309488,926.7298559999999,240.58948800000002,1
004_v2.png,985.7105280000001,197.140278,1015.200576,267.000066,1
004_v2.png,721.869696,127.299696,752.909184,162.99026400000002,0
004_v2.png,738.9394560000001,192.480204,774.6295680000001,225.069876,0
004_v2.png,745.149888,262.320204,771.529536,287.150652,0
004_v2.png,756.009792,321.300084,782.3894399999999,356.990652,0
004_v2.png,445.610304,299.570532,467.34047999999996,322.85053200000004,1
004_v2.png,490.620096,298.019502,516.999744,363.20000999999996,1
004_v2.png,608.570496,229.72995,631.850112,257.66013,1
004_v2.png,633.3995519999999,176.959428,658.2297599999999,200.239428,1
004_v2.png,835.1602559999999,145.919622,856.890432,166.09989000000002,1
004_v2.png,909.660672,212.65989000000002,932.940288,229.72995,1
005_r1.png,694.669824,220.559958,746.309376,410.36994599999997,2
005_r1.png,523.2101759999999,239.040204,535.6298879999999,251.460084,1
005_r1.png,439.399872,293.36000999999993,453.370176,310.43007,1
005_r1.png,973.2896639999999,226.599954,995.01984,242.14051800000001,1
005_r1.png,689.269824,176.96001,728.070336,215.759622,0
005_r2.png,693.9302399999999,183.169368,729.63072,217.30948800000002,0
005_r2.png,693.2805119999999,216.37013999999996,750.500352,407.58042,2
005_r2.png,439.39987199999996,293.36000999999993,451.819584,308.879622,1
005_r2.png,521.659584,239.039622,541.829952,254.55923399999998,1
005_r2.png,974.8396799999999,225.069294,993.469824,245.249562,1
005_v1.png,462.68064,294.91045799999995,482.860224,313.540278,1
005_v1.png,710.0300159999999,182.88011400000002,771.43968,374.079918,2
005_v1.png,985.7105280000001,198.689562,1004.3003520000001,225.09955800000003,1
005_v1.png,891.029952,162.989682,905.0002559999999,178.50929399999998,1
005_v1.png,698.5900800000001,135.100242,731.18016,175.410726,0
005_v2.png,679.9599360000001,164.54013,712.550016,195.58051799999998,0
005_v2.png,686.299968,203.81058,750.499776,390.83045999999996,2
005_v2.png,970.1896320000001,190.930338,990.36,208.00039799999996,1
005_v2.png,875.5096320000001,169.199622,891.029376,187.82012999999998,1
005_v2.png,444.059712,318.189294,464.23008,338.3695620000001,1
006_r1.png,465.78988799999996,274.74008399999997,484.409664,298.020084,1
006_r1.png,802.570176,372.50968199999994,828.949824,412.85974200000004,0
006_r1.png,807.230016,325.950264,833.609664,370.95981600000005,0
006_r1.png,808.780032,285.600204,839.81952,321.30008399999997,0
006_r1.png,808.779456,189.37989,855.3398399999999,229.72995,0
006_r1.png,1122.279552,270.08001,1140.9096960000002,298.019502,1
006_r1.png,936.0403200000001,215.759622,962.4303359999999,235.93989,1
006_r1.png,659.7895679999999,221.969562,684.619776,251.459502,1
006_r2.png,703.240704,378.7196220000001,734.280192,417.519234,0
006_r2.png,541.830528,265.419936,565.110144,287.149488,1
006_r2.png,999.6704639999999,214.210338,1021.4006400000001,245.25072600000001,1
006_r2.png,811.8806400000001,190.92975599999997,832.0602240000001,215.760204,1
006_r2.png,676.8604799999999,187.819548,721.870272,228.180084,0
006_r2.png,695.480832,284.05033799999995,726.52032,322.8499499999999,0
006_r2.png,698.5900800000001,329.05989,731.18016,366.29974200000004,0
006_r2.png,364.90982399999996,355.440204,381.98015999999996,380.27065200000004,1
006_v1.png,866.199744,201.789876,887.92992,223.519428,1
006_v1.png,1063.309248,243.700278,1083.479616,270.08001,1
006_v1.png,728.0697599999999,329.060472,763.7702400000001,361.65014399999995,0
006_v1.png,721.870272,285.600204,756.0005760000001,322.850532,0
006_v1.png,706.349952,186.270264,746.6999040000001,231.27981599999998,0
006_v1.png,740.4900479999999,377.169756,768.429504,412.860324,0
006_v1.png,597.7100160000001,225.06929399999999,621.0,256.10968199999996,1
006_v1.png,430.09056,291.810144,442.510272,313.539696,1
006_v2.png,998.1204480000001,240.59007,1024.510464,259.21988999999996,1
006_v2.png,636.509952,229.730532,673.749504,274.74008399999997,0
006_v2.png,667.5505919999999,324.400398,697.030272,353.890338,0
006_v2.png,672.200064,364.749876,703.2395520000001,402.000204,0
006_v2.png,686.170368,412.85974200000004,718.7604479999999,454.76956199999995,0
006_v2.png,374.220288,355.440204,389.740032,378.720204,1
006_v2.png,535.629312,282.50047199999995,552.699648,302.670264,1
006_v2.png,797.9103359999999,218.859936,819.640512,242.139936,1
007_r1.png,562.010112,243.700278,585.289728,270.08001,1
007_r1.png,512.349696,271.629294,534.099456,293.399586,1
007_r1.png,695.47968,187.82071200000001,737.3894400000001,221.97014399999998,0
007_r1.png,714.1103999999999,254.559816,742.0406399999999,291.810144,0
007_r1.png,717.209856,296.49989999999997,759.1104,352.299732,0
007_r1.png,731.1807359999999,358.539354,765.320256,401.99962199999993,0
007_r1.png,423.880128,319.739742,444.059712,349.229682,1
007_r1.png,437.85043199999996,271.62987599999997,456.470208,296.460324,1
007_r1.png,1015.1896320000001,198.69014399999998,1038.469248,223.520592,1
007_r1.png,844.470144,181.620084,863.1002880000001,206.45053200000004,1
007_r2.png,714.1103999999999,352.33988999999997,742.0406399999999,391.139502,0
007_r2.png,707.900544,310.43007,738.9400320000001,341.470458,0
007_r2.png,700.1400960000001,285.600204,739.0005120000001,315.10062000000005,0
007_r2.png,693.929664,249.90032399999998,726.50016,280.899972,0
007_r2.png,679.9599360000001,180.06032400000004,712.550016,215.760204,0
007_r2.png,991.90944,206.45053199999998,1016.750016,226.620324,1
007_r2.png,428.539392,240.589488,445.609728,265.419936,1
007_r2.png,503.02944,260.769756,524.759616,284.049756,1
007_r2.png,560.45952,245.250144,577.529856,266.979696,1
007_r2.png,819.6399359999999,176.96001,844.470144,203.339742,1
007_r2.png,409.9104,285.600204,425.43014400000004,308.880204,1
007_v1.png,940.699584,145.920204,960.869952,167.64975600000002,1
007_v1.png,672.200064,167.64917400000002,706.349952,209.54968200000002,0
007_v1.png,673.7506559999999,240.59065199999998,704.790144,273.180324,0
007_v1.png,675.309888,282.499308,709.4494080000001,307.32975600000003,0
007_v1.png,673.75008,307.33033800000004,714.1103999999999,333.71007000000003,0
007_v1.png,689.2698240000001,349.229682,714.1104,380.27007,0
007_v1.png,392.840064,285.600204,417.67027199999995,307.32975600000003,1
007_v1.png,548.039808,211.099548,566.669952,234.379548,1
007_v1.png,814.990464,172.300518,838.27008,200.24001,1
007_v1.png,873.960192,183.170532,891.030528,204.90008400000002,1
007_v1.png,979.500096,184.720398,1001.230272,212.65989,1
007_v2.png,996.5704320000001,147.470652,1015.190208,169.200204,1
007_v2.png,724.99968,207.999234,762.200064,249.899742,0
007_v2.png,738.939456,274.74008399999997,768.3995520000001,308.88020399999994,0
007_v2.png,748.24992,318.189294,774.6295680000001,349.229682,0
007_v2.png,752.899968,350.779548,783.900288,377.169756,0
007_v2.png,766.870272,384.930144,797.9097600000001,422.18047199999995,0
007_v2.png,451.82016,339.919428,467.339904,364.749876,1
007_v2.png,600.8100479999999,266.979696,620.9896319999999,291.810144,1
007_v2.png,867.74976,187.82013,894.139776,215.759622,1
007_v2.png,931.390272,192.480204,950.0100479999999,214.209756,1
007_v2.png,1035.369792,183.170532,1057.099968,206.45053200000004,1
008_r1.png,667.54944,117.97954800000001,700.13952,155.22987600000002,0
008_r1.png,659.779776,154.99940399999997,726.7697280000001,340.589892,2
008_r2.png,763.7702400000001,128.850144,799.47072,164.540712,0
008_r2.png,757.48032,164.729862,817.490304,358.73025,2
008_v1.png,758.869632,170.310078,814.7001600000001,358.73025,2
008_v1.png,752.910336,128.850726,785.500416,167.650338,0
008_v2.png,574.429824,119.53930799999999,605.4693120000001,155.22987600000002,0
008_v2.png,578.829888,161.93975400000002,637.4494080000001,351.74974199999997,2
009_r1.png,932.9397119999999,235.93930799999998,954.669888,257.659548,1
009_r1.png,1064.8598399999998,293.359428,1086.590016,316.639428,1
009_r1.png,570.460032,743.9397540000001,622.0995839999999,956.079918,2
009_r1.png,498.37996799999996,358.53993599999995,520.110144,384.930144,1
009_r1.png,476.649792,260.769756,496.82937599999997,285.600204,1
009_r1.png,1078.490304,697.8802740000001,1151.060544,876.52983,2
009_r1.png,774.2303999999999,178.68971400000004,828.660096,357.33927,2
009_r1.png,777.7399680000001,131.949876,821.1899520000001,176.959428,0
009_r2.png,568.219968,161.439234,602.359488,203.339742,0
009_r2.png,567.670464,212.19021600000002,631.870272,393.62056800000005,2
009_r2.png,296.619264,398.89988999999997,313.6896,425.27962199999996,1
009_r2.png,718.760448,215.760204,742.040064,240.590652,1
009_r2.png,853.7904,288.699936,872.4101759999999,315.090144,1
009_r2.png,267.130368,293.36001000000005,291.960576,319.739742,1
009_r2.png,377.85024000000004,753.7092059999999,432.279936,1003.53969,2
009_v1.png,374.219712,372.51026399999995,388.190016,395.790264,1
009_v1.png,937.58976,325.94968200000005,967.0993920000001,350.799918,1
009_v1.png,622.10016,226.140756,680.71968,402.00020400000005,2
009_v1.png,611.669952,178.510458,650.470464,218.860518,0
009_v1.png,495.27014399999996,277.839816,518.54976,302.670264,1
009_v1.png,948.460032,218.859936,973.29024,243.69969600000002,1
009_v2.png,939.1507200000001,329.05989,962.430336,355.439622,1
009_v2.png,611.6699520000001,180.059742,648.919872,221.96956200000002,0
009_v2.png,495.280512,276.28995000000003,517.0003200000001,304.22013000000004,1
009_v2.png,950.0100479999999,223.519428,971.740224,248.34987600000002,1
010_r1.png,912.760704,201.790458,936.0403200000001,229.72995,1
010_r1.png,703.050048,184.270512,747.7096319999999,347.57039999999995,2
010_r1.png,698.59008,144.369756,735.829632,187.81954799999997,0
010_r1.png,501.479424,254.559816,518.54976,279.390264,1
010_r1.png,613.2297599999999,181.62066600000003,631.849536,208.00039800000002,1
010_r1.png,777.7399680000001,162.99026399999997,797.910336,186.270264,1
010_r2.png,683.070336,203.339742,706.349952,223.52000999999998,1
010_r2.png,482.860224,183.16995,518.550336,221.969562,0
010_r2.png,299.719296,302.669682,316.789632,333.71007000000003,1
010_r2.png,399.04992000000004,225.06929399999999,419.229504,256.10968199999996,1
010_r2.png,488.10988800000007,221.959668,548.13024,386.64937199999997,2
010_r2.png,560.460672,192.47962200000003,585.3000959999999,211.10013,1
010_v1.png,667.5505919999999,156.780324,698.5900800000001,192.480204,0
010_v1.png,492.170112,271.62987599999997,509.240448,294.909876,1
010_v1.png,608.56992,197.139696,628.749504,217.309488,1
010_v1.png,768.4300800000001,162.989682,783.949824,181.61950199999998,1
010_v1.png,894.140352,192.480204,912.7601279999999,214.209756,1
010_v1.png,669.549312,192.65073,722.5896959999999,361.52035800000004,2
010_v2.png,760.670208,181.620084,785.5004160000001,203.340324,1
010_v2.png,532.5200639999999,192.48020400000001,572.870016,228.180084,0
010_v2.png,386.63020800000004,346.12994999999995,408.360384,363.20001,1
010_v2.png,485.95968,248.349876,510.78988799999996,270.079428,1
010_v2.png,636.509952,175.410144,659.7895679999999,197.13969600000001,1
011_r1.png,495.269568,190.92975599999997,516.999744,215.760204,1
011_r1.png,686.170368,150.580278,718.7604479999999,190.930338,0
011_r1.png,698.8602239999999,194.039964,740.7296640000001,351.750324,2
011_r2.png,523.2096,147.47007,555.7996800000001,189.37989,0
011_r2.png,521.610624,188.459748,562.080384,346.170108,2
011_r2.png,327.65990400000004,186.26968200000002,352.490112,215.759622,1
011_v1.png,867.750336,145.920786,900.3507840000001,167.60028599999998,1
011_v1.png,659.7901439999999,111.78066600000001,693.929664,150.580278,0
011_v1.png,654.1994880000001,157.750518,703.0500480000001,318.260298,2
011_v2.png,656.9896319999999,163.33946400000002,703.0500480000001,316.859424,2
011_v2.png,867.7491839999999,145.919622,906.549696,172.299354,1
011_v2.png,661.34016,116.429682,692.379648,156.779742,0
012_r1.png,620.9902079999999,186.26968200000002,645.820416,204.899502,1
012_r1.png,693.279936,166.130154,742.130496,316.86000599999994,2
012_r1.png,695.47968,133.500324,729.6295680000001,167.649756,0
012_r1.png,504.589824,256.109682,527.86944,276.28995000000003,1
012_r1.png,881.720064,200.24001,906.5502720000001,220.420278,1
012_r1.png,774.6307199999999,159.89053199999998,802.570176,178.500564,1
012_r2.png,475.10035200000004,170.749488,509.239872,206.449368,0
012_r2.png,664.3992959999999,209.55026400000003,690.7996800000001,231.300768,1
012_r2.png,557.360064,189.38047199999997,582.20064,209.550264,1
012_r2.png,403.710336,231.27981599999998,425.43014400000004,256.110264,1
012_r2.png,305.930304,325.950264,326.10988799999996,349.23026400000003,1
012_v1.png,676.530432,150.780486,714.210048,295.930122,2
012_v1.png,664.4396160000001,113.329368,693.929664,150.579696,0
012_v1.png,496.82937599999997,221.96956200000002,516.999744,240.59007,1
012_v1.png,603.91008,159.89053199999998,617.8803839999999,180.060324,1
012_v1.png,752.9097600000001,113.33053199999999,771.529536,133.500324,1
012_v1.png,880.170624,144.369174,903.45024,162.989682,1
012_v2.png,662.569344,124.26049200000001,701.649792,272.200236,2
012_v2.png,648.9192959999999,85.390458,684.619776,124.19006999999999,0
012_v2.png,492.170688,207.99981599999998,512.350272,229.72936800000002,1
012_v2.png,589.950144,131.949876,608.5699199999999,155.22987600000002,1
012_v2.png,738.9400320000001,114.87923399999998,754.4597759999999,133.499742,1
012_v2.png,852.240384,184.720398,877.1005439999999,200.200434,1
013_r1.png,667.550016,147.47007,706.350528,187.82012999999998,0
013_r1.png,679.320576,189.849564,739.33056,397.80980400000004,2
013_r1.png,400.599936,299.570532,419.23008,322.85053200000004,1
013_r1.png,434.749824,186.27026399999997,456.469632,212.660472,1
013_r1.png,562.010112,192.479622,585.289728,218.85935399999997,1
013_r1.png,765.3196800000001,167.649756,788.5992960000001,189.379308,1
013_r1.png,948.4594559999999,231.300186,970.1896320000001,253.00995,1
013_r2.png,558.91008,229.72995,599.2600319999999,271.630458,0
013_r2.png,652.0296960000001,262.320786,681.509376,290.26027799999997,1
013_r2.png,332.310528,296.459742,357.149952,324.399234,1
013_r2.png,564.870528,274.989762,609.54048,485.74011,2
013_r2.png,461.13004800000004,287.15006999999997,482.860224,315.089562,1
013_r2.png,307.48032,412.860324,333.870336,439.250532,1
013_r2.png,838.27008,336.82027800000003,861.549696,363.20001,1
013_v1.png,522.999936,194.04054599999998,602.5593600000001,406.190022,2
013_v1.png,766.870272,142.819308,790.149888,167.64975600000002,1
013_v1.png,639.609408,169.20020399999999,669.0994559999999,194.030652,1
013_v1.png,521.660736,153.68000999999998,555.800256,194.03007,0
013_v1.png,444.059712,209.54968200000002,470.43935999999997,237.489174,1
013_v1.png,295.069824,325.950264,324.549504,350.780712,1
013_v1.png,813.4300800000001,248.349876,847.599552,274.740084,1
013_v2.png,872.4101760000001,149.019936,898.7898240000001,173.85969600000004,1
013_v2.png,925.17984,256.109682,951.559488,284.049174,1
013_v2.png,630.4700160000001,184.26993,666.76032,401.99962200000004,2
013_v2.png,631.8495360000001,144.369756,661.339584,187.81954799999997,0
013_v2.png,385.07961600000004,257.659548,406.809792,284.049756,1
013_v2.png,548.039808,183.170532,574.429824,206.45053200000004,1
013_v2.png,749.799936,172.300518,776.189952,200.24001,1
014_r1.png,515.4503040000001,156.78032399999998,537.18048,180.060324,1
014_r1.png,672.200064,121.090338,706.349952,159.88995,0
014_r1.png,389.740032,221.96956200000002,413.019648,248.34929400000001,1
014_r1.png,400.59936,164.54013,422.32953599999996,184.720398,1
014_r1.png,954.670464,189.37989,976.390272,217.31006999999997,1
014_r1.png,799.470144,144.36975600000002,827.400384,166.099308,1
014_r1.png,672.340032,163.33946400000002,712.82016,413.159472,2
014_r1.png,546.489792,159.89053199999998,574.429248,180.060324,1
014_r2.png,565.109568,268.530144,589.950144,290.259696,1
014_r2.png,690.490368,288.949614,733.7502720000001,538.780098,2
014_r2.png,529.419456,268.529562,549.589824,294.909294,1
014_r2.png,388.190592,316.639428,409.9104,341.46987600000006,1
014_r2.png,703.240128,242.139354,743.6004479999999,285.599622,0
014_r2.png,406.809792,262.320204,433.18944,287.150652,1
014_r2.png,981.050112,341.470458,1005.8803200000001,370.960398,1
014_r2.png,835.15968,277.839816,858.439296,310.429488,1
014_v1.png,608.56992,176.96001,645.81984,218.860518,0
014_v1.png,507.69043200000004,234.38012999999998,534.0700800000001,262.319622,1
014_v1.png,361.799424,324.399816,386.62963199999996,347.679816,1
014_v1.png,780.8399999999999,145.92078600000002,802.570176,173.86027800000002,1
014_v1.png,892.590336,119.53989,914.3101439999999,138.16039800000001,1
014_v1.png,918.97056,170.74948799999999,945.350208,197.13969600000001,1
014_v1.png,742.040064,155.22987599999996,768.43008,176.959428,1
014_v2.png,645.8198399999999,195.599724,683.099712,223.519428,1
014_v2.png,619.4304,211.099548,638.060544,228.18008400000002,1
014_v2.png,754.4603520000001,142.819308,780.84,164.53954800000002,1
014_v2.png,413.02022400000004,338.37014400000004,434.7504,360.09969600000005,1
014_v2.png,295.069824,465.630264,319.90003199999995,487.359816,1
014_v2.png,501.479424,246.80001000000001,534.069504,288.700518,0
014_v2.png,793.2602880000001,190.92975599999997,816.5399040000001,214.209756,1
015_r1.png,746.70048,138.16039800000001,780.84,176.96001,0
015_r1.png,501.47942400000005,293.36000999999993,520.109568,313.540278,1
015_r1.png,605.4698880000001,231.27981599999998,625.640256,253.009368,1
015_r1.png,645.820416,200.240592,669.100032,221.970144,1
015_r1.png,830.5096320000001,152.13014399999997,849.129408,173.85969599999999,1
015_r1.png,993.469824,184.72039800000002,1018.3000320000001,211.10013,1
015_r1.png,513.899712,240.59065199999998,532.519488,262.320204,1
015_r2.png,481.30963199999997,169.199622,516.9997440000001,211.10013,0
015_r2.png,256.270464,319.73916,277.990272,336.819696,1
015_r2.png,271.790208,270.079428,287.30995199999995,293.359428,1
015_r2.png,366.459264,263.87007,383.5296,284.05033799999995,1
015_r2.png,408.360384,235.940472,430.09056,256.110264,1
015_r2.png,574.4298239999999,175.410144,596.1496319999999,198.690144,1
015_r2.png,738.9394560000001,183.169368,760.699584,203.29958399999998,1
015_v1.png,589.950144,228.180084,628.6999679999999,263.870652,0
015_v1.png,371.10988799999996,353.889756,388.18944,375.619308,1
015_v1.png,523.200384,280.940712,548.039808,302.67026400000003,1
015_v1.png,715.65984,214.209756,734.279616,235.939308,1
015_v1.png,757.559808,214.209756,780.839424,234.379548,1
015_v1.png,841.3695359999999,172.299354,863.099712,192.479622,1
015_v1.png,872.4101759999999,207.99981599999998,894.140352,229.72936800000002,1
015_v2.png,602.360064,197.140278,636.509952,235.93989,0
015_v2.png,878.619456,212.659308,898.7898240000001,234.379548,1
015_v2.png,853.7898240000001,170.74948799999999,870.8601600000001,195.579936,1
015_v2.png,763.769664,203.34032399999998,783.949248,225.069876,1
015_v2.png,720.310464,201.789876,740.490048,223.519428,1
015_v2.png,521.659584,235.940472,541.8000000000001,262.300416,1
015_v2.png,363.35001600000004,296.459742,381.98015999999996,315.08956200000006,1
016_r1.png,701.690688,155.22987600000002,735.8302080000001,200.23942799999998,0
016_r2.png,499.93055999999996,181.620084,540.3000959999999,225.10014,0
016_v1.png,703.240704,122.640204,734.280192,159.890532,0
016_v2.png,675.309888,155.22987600000002,701.689536,190.92975599999997,0
017_r1.png,757.559808,119.53989,794.7993600000001,159.88995,0
017_r1.png,630.3000959999999,172.29993599999997,652.0302720000001,195.579936,1
017_r1.png,527.870016,253.010532,548.040384,273.180324,1
017_r1.png,624.09024,235.940472,667.5505919999999,265.419936,1
017_r1.png,864.6503040000001,155.230458,883.27008,173.860278,1
017_r1.png,984.1507200000001,218.859936,1004.3303040000001,245.25014400000003,1
017_r2.png,864.6503040000001,237.489174,883.27008,256.10968199999996,1
017_r2.png,627.1896959999999,145.920204,665.990208,183.17053199999998,0
017_r2.png,414.569664,293.36000999999993,434.749248,313.540278,1
017_r2.png,512.349696,206.44995,534.069504,232.829682,1
017_r2.png,512.350272,273.180324,558.910656,294.909876,1
017_r2.png,742.040064,164.53954799999997,765.3196800000001,187.819548,1
017_v1.png,937.58976,206.449368,956.219904,231.279816,1
017_v1.png,827.399808,208.00039800000002,867.74976,225.070458,1
017_v1.png,681.509376,96.25989,717.2098560000001,136.60995,0
017_v1.png,478.200384,243.699696,498.37996799999996,263.869488,1
017_v1.png,585.290304,145.920204,603.91008,169.200204,1
017_v1.png,816.539904,133.500324,841.3701120000001,156.780324,1
017_v2.png,818.08992,218.85935400000002,855.3398400000001,239.039622,1
017_v2.png,662.8896000000001,105.570726,695.47968,144.370338,0
017_v2.png,465.79046400000004,221.970144,489.07008,246.80059200000002,1
017_v2.png,579.079296,149.019936,596.149632,170.749488,1
017_v2.png,914.31072,218.85935400000002,934.490304,239.039622,1
017_v2.png,796.359744,149.020518,816.539328,167.650338,1
018_r1.png,636.509952,218.859936,661.3401600000001,243.69969600000002,1
018_r1.png,729.6295680000001,184.71923400000003,769.97952,215.759622,0
018_r1.png,487.50969599999996,268.529562,516.9997440000001,310.43007,1
018_r1.png,512.349696,231.280398,535.629312,251.46066599999997,1
018_r1.png,811.880064,192.480204,836.710272,217.310652,1
018_r1.png,987.2599680000001,206.44995,1013.639616,235.93989,1
018_r1.png,976.390272,243.699696,999.669888,263.869488,1
018_r2.png,456.469632,271.62987599999997,498.379392,308.880204,1
018_r2.png,701.690112,169.199622,734.2801919999999,198.689562,0
018_r2.png,959.319936,204.899502,985.7099519999999,232.829682,1
018_r2.png,943.800768,237.490338,971.740224,265.420518,1
018_r2.png,620.9896319999999,215.759622,641.16,232.829682,1
018_r2.png,785.500416,183.16995000000003,810.3306240000001,201.790458,1
018_r2.png,490.620096,231.280398,516.999744,251.46066599999997,1
018_v1.png,641.16,195.57993599999998,659.8005119999999,220.41969600000002,1
018_v1.png,719.799552,201.02047199999998,763.0594560000001,386.650536,2
018_v1.png,821.190528,187.819548,846.0299520000001,211.09954800000003,1
018_v1.png,932.940288,178.509876,963.9797760000001,204.90008400000002,1
018_v1.png,956.2003200000001,218.85993600000003,999.669888,256.110264,1
018_v1.png,717.2104319999999,161.439816,751.349952,197.139696,0
018_v1.png,470.439936,242.13993599999998,495.27014399999996,265.419936,1
018_v1.png,485.960256,268.530144,507.690432,290.259696,1
018_v2.png,963.980352,204.90008400000002,1001.2003199999999,253.010532,1
018_v2.png,931.390272,170.75007,957.76992,190.930338,1
018_v2.png,718.759296,155.22929399999998,754.4597760000001,186.269682,0
018_v2.png,718.400448,192.649566,763.060032,376.879338,2
018_v2.png,473.54976,234.38012999999998,509.239872,285.599622,1
018_v2.png,639.6105600000001,187.819548,658.230336,211.09954800000003,1
018_v2.png,822.74976,178.509876,841.3695359999999,203.340324,1
019_r1.png,1013.599872,180.100482,1033.819776,204.89019,1
019_r1.png,769.97952,128.849562,802.5695999999999,158.339502,0
019_r1.png,853.7898240000001,150.58027800000002,877.0694400000001,167.650338,1
019_r1.png,575.9792640000001,254.559234,593.0496,273.179742,1
019_r1.png,683.070336,173.85969599999999,700.140672,197.13969600000001,1
019_r2.png,607.02048,187.819548,625.6402559999999,204.90008400000002,1
019_r2.png,926.7298560000002,225.069876,942.2496,248.34987600000002,1
019_r2.png,777.7399680000001,176.96001,797.910336,195.58051799999998,1
019_r2.png,498.37996799999996,254.559816,518.550336,276.289368,1
019_r2.png,690.829632,145.919622,726.519744,176.96001,0
019_r2.png,694.669824,182.880696,744.920064,382.46013600000003,2
019_v1.png,844.4707199999999,152.13014399999997,864.650304,176.960592,1
019_v1.png,979.500096,212.65989000000002,1001.230272,231.280398,1
019_v1.png,743.520384,171.709788,779.8106879999999,371.28922800000004,2
019_v1.png,740.4894720000001,131.949294,773.079552,162.989682,0
019_v1.png,535.629312,234.380712,552.699648,256.110264,1
019_v1.png,667.550592,172.299354,689.2704,192.479622,1
019_v2.png,511.39007999999995,195.54967200000002,539.839872,227.89024799999999,0
019_v2.png,338.519808,313.539696,354.03955200000007,335.259936,1
019_v2.png,773.0807040000001,189.38047199999997,788.6004479999999,209.550264,1
019_v2.png,614.780352,186.270264,634.9507199999999,207.999816,1
019_v2.png,447.16032,251.45950200000001,465.790464,268.529562,1
020_r1.png,741.599424,185.20985999999996,775.2297599999999,221.41957200000002,0
020_r1.png,918.9699840000001,180.059742,943.8001920000002,200.24001,1
020_r1.png,557.350272,251.45950200000001,580.6298879999999,268.529562,1
020_r1.png,1123.830144,229.73053199999998,1147.10976,249.90032399999998,1
020_r1.png,513.900288,266.979696,538.730496,288.699936,1
020_r1.png,419.23008000000004,338.37014400000004,444.060288,363.20059200000003,1
020_r1.png,399.04992000000004,271.629294,419.229504,291.809562,1
020_r1.png,371.10988799999996,343.01916,388.18944,360.099696,1
020_r1.png,1041.579648,254.559234,1066.409856,273.179742,1
020_r2.png,274.89024,322.84995000000004,291.960576,349.229682,1
020_r2.png,649.770048,185.20986000000002,682.110144,220.12985999999998,0
020_r2.png,305.929728,259.21989,323.000064,276.28995000000003,1
020_r2.png,321.45062399999995,327.500712,344.73024,349.23026400000003,1
020_r2.png,414.57024,256.109682,437.84985600000005,274.739502,1
020_r2.png,462.67948800000005,237.489756,484.409664,262.320204,1
020_r2.png,827.4003839999999,186.26968200000002,849.1305600000001,206.44995,1
020_r2.png,931.3896960000001,249.90032399999998,954.6693120000001,274.740084,1
020_r2.png,1029.1593599999999,221.96956200000002,1050.8895360000001,249.899742,1
020_v1.png,417.669696,324.399816,462.679488,349.23026400000003,1
020_v1.png,745.47936,128.300154,779.109696,165.810054,0
020_v1.png,1109.869632,153.67942799999997,1128.489408,176.959428,1
020_v1.png,1035.369792,235.93930799999998,1055.549376,257.659548,1
020_v1.png,993.469824,164.53954799999997,1018.3000320000001,189.379308,1
020_v1.png,950.009472,156.779742,974.83968,175.40956199999997,1
020_v1.png,591.50016,204.900084,614.779776,225.069876,1
020_v2.png,526.909824,216.250248,560.5297919999999,251.17024799999996,0
020_v2.png,250.060608,484.26008400000006,295.0704,519.950652,1
020_v2.png,399.04992000000004,335.259936,419.229504,361.650144,1
020_v2.png,715.659264,153.68059199999996,732.7296,175.410144,1
020_v2.png,760.670208,149.01935400000002,776.189952,169.199622,1
020_v2.png,867.74976,108.66929400000001,884.8293120000001,128.849562,1
020_v2.png,811.880064,208.00039800000002,836.710272,234.38012999999998,1
020_v2.png,909.660096,164.54013,931.390272,192.479622,1
021_r1.png,626.490432,155.46034799999998,658.8305280000001,190.380348,0
021_r1.png,630.470016,195.440838,682.109568,318.260298,2
021_r1.png,430.089984,181.619502,445.6097280000001,200.24001,1
021_r1.png,437.84985600000005,144.369174,454.92019200000004,162.989682,1
021_r1.png,506.14041599999996,181.620084,521.66016,203.340324,1
021_r1.png,895.689792,204.900084,922.0694400000001,237.48975600000003,1
021_r2.png,472.76006400000006,173.099604,511.840512,302.899572,2
021_r2.png,226.779264,215.760204,243.8496,237.48975600000003,1
021_r2.png,323.00006399999995,215.760204,338.519808,240.590652,1
021_r2.png,462.239424,127.00986,504.919872,163.21957200000003,0
021_r2.png,239.18976,162.98968200000002,254.70950399999998,184.699446,1
021_r2.png,717.2098560000001,187.800342,749.799936,212.65989000000002,1
021_v1.png,627.680448,202.420764,672.340032,328.030332,2
021_v1.png,389.740032,240.59007,431.64057599999995,271.630458,1
021_v1.png,627.7904639999999,158.05024799999998,660.120192,194.25996,0
021_v1.png,891.0397439999999,209.550264,911.199744,232.830264,1
021_v1.png,859.99968,156.78032399999998,886.4000640000002,180.060324,1
021_v1.png,814.990464,223.52001,836.7102719999999,239.039622,1
021_v2.png,859.990464,190.92975599999997,881.7206400000001,212.659308,1
021_v2.png,360.25055999999995,248.34987600000002,413.02022400000004,282.499308,1
021_v2.png,598.3695359999999,207.99981599999998,637.449984,333.609384,2
021_v2.png,594.160128,165.810636,630.3697919999998,202.020348,0
021_v2.png,804.120192,197.139696,827.399808,220.41969600000002,1
021_v2.png,828.949824,145.920204,850.6800000000001,169.200204,1
022_r1.png,654.899328,152.869866,691.1596800000001,187.800342,0
022_r1.png,926.6999040000001,212.659308,950.0094720000001,237.48975600000003,1
022_r1.png,766.8696960000001,169.20020399999999,791.710272,192.48020400000001,1
022_r1.png,541.829952,183.170532,562.009536,206.45053200000004,1
022_r1.png,503.02944,197.139696,524.759616,221.970144,1
022_r1.png,395.95046400000007,203.339742,420.780672,221.969562,1
022_r1.png,391.290048,260.77033800000004,409.90982400000007,277.840398,1
022_r1.png,662.570496,189.85014600000002,714.210048,406.190022,2
022_r2.png,712.040256,201.21020399999998,742.2606719999999,222.360084,1
022_r2.png,537.179904,249.899742,564.800256,275.359914,1
022_r2.png,878.239872,229.909788,903.9294719999999,257.11014,1
022_r2.png,622.610496,198.13957200000002,654.950592,231.76986,0
022_r2.png,385.07961600000004,324.399816,406.809792,347.679816,1
022_r2.png,399.04992000000004,268.530144,419.229504,288.699936,1
022_r2.png,501.48,263.87065199999995,523.2101759999999,285.600204,1
022_v1.png,594.1895039999999,187.609446,613.829952,211.77990599999998,1
022_v1.png,683.3992320000001,143.81976600000002,713.149632,176.149866,0
022_v1.png,684.8997119999999,185.66964,740.73024,406.18944,2
022_v1.png,934.1493119999999,201.21020399999998,953.78976,222.360084,1
022_v1.png,903.930624,149.83997399999998,926.5904640000001,172.499562,1
022_v1.png,802.7003520000001,180.049266,826.870464,201.209622,1
022_v1.png,766.44,177.02984999999998,790.610112,196.67002200000002,1
022_v1.png,435.54988799999995,275.23944,459.71999999999997,302.439792,1
022_v2.png,573.0399359999999,279.76972800000004,597.2100479999999,305.45920800000005,1
022_v2.png,778.520448,220.850376,799.680384,246.530544,1
022_v2.png,415.90943999999996,326.60966999999994,440.07955200000004,355.31973,1
022_v2.png,940.1898239999998,196.66944,968.899968,223.869792,1
022_v2.png,900.910656,155.87997000000001,922.0602240000001,180.05043,1
022_v2.png,810.2499839999999,208.759908,838.960128,238.97967599999998,1
022_v2.png,664.0001279999999,245.99044800000001,696.3298560000001,280.910448,0
022_v2.png,661.1800319999999,288.900726,735.149952,510.860394,2
023_r1.png,744.919488,180.07953,793.7700480000001,374.079918,2
023_r1.png,834.4293120000001,157.39026,860.109696,178.54014000000004,1
023_r1.png,633.480192,174.00985200000002,656.140032,192.14031599999998,1
023_r1.png,967.389696,195.16031400000003,990.049536,214.80048599999998,1
023_r1.png,615.350016,199.700496,631.959552,216.320088,1
023_r1.png,746.7696000000001,134.770248,782.989632,170.97996000000003,0
023_r1.png,530.730432,189.11973600000002,557.9303040000001,207.25019999999998,1
023_r1.png,526.200192,235.96026,541.309824,252.57985200000002,1
023_r2.png,434.04019199999993,211.779906,452.170368,235.959678,1
023_r2.png,350.93952,261.639846,369.069696,282.800202,1
023_r2.png,787.5901439999999,184.59003,805.72032,204.230202,1
023_r2.png,559.240704,127.01044200000001,594.160128,159.340542,0
023_r2.png,556.500096,166.100472,627.6798719999999,365.71017600000005,2
023_r2.png,651.610368,149.839392,669.740544,167.969856,1
023_r2.png,452.169792,181.56013800000002,476.339904,205.73991,1
023_r2.png,356.980608,216.32067,379.640448,238.98025800000002,1
023_v1.png,870.689664,214.80048600000003,885.7992959999999,238.98025800000002,1
023_v1.png,450.660096,195.15973200000002,468.790272,217.829796,1
023_v1.png,560.949696,145.300374,580.590144,174.010434,1
023_v1.png,757.369728,149.83997399999998,775.499904,172.499562,1
023_v1.png,777.010752,175.520142,798.1603200000001,198.17973,1
023_v1.png,855.5806080000001,172.500144,872.200512,199.700496,1
023_v1.png,638.85024,153.56943,683.509824,348.959634,2
023_v1.png,634.2497279999999,111.49024800000001,665.289216,146.410248,0
023_v2.png,436.370112,143.820348,475.170624,177.450636,0
023_v2.png,261.790272,276.74973,284.46048,300.929502,1
023_v2.png,373.60051200000004,196.67002200000002,396.260352,220.849794,1
023_v2.png,565.489728,152.859972,585.130176,174.00985200000002,1
023_v2.png,595.6997759999999,172.500144,612.31968,198.18031200000001,1
023_v2.png,666.7200000000001,148.31978999999998,681.820416,172.49956199999997,1
023_v2.png,690.889536,192.139734,707.50944,211.77990599999998,1
024_r1.png,648.620352,221.96024999999997,679.3199999999999,355.940142,2
024_r1.png,396.259776,322.08054599999997,415.90943999999996,349.270422,1
024_r1.png,900.909504,205.740492,935.659584,240.490548,1
024_r1.png,902.420352,322.08054599999997,929.6098559999999,350.790606,1
024_r1.png,651.0700800000001,172.269672,687.2797439999999,213.659184,0
024_r1.png,742.2606719999999,281.279436,763.4102399999999,308.4797879999999,1
024_r1.png,734.7098880000001,119.62078799999999,749.8195199999999,148.32037200000002,1
024_r1.png,586.6398719999999,124.149912,609.299712,142.28037600000002,1
024_r1.png,544.330368,266.18061,559.44,288.84019800000004,1
024_r2.png,338.85043200000007,359.850018,361.510272,384.02979,1
024_r2.png,829.88928,229.909788,854.0697600000001,248.04025199999998,1
024_r2.png,848.020608,208.76049000000003,873.710208,240.489966,1
024_r2.png,582.5197440000001,203.309478,616.1500800000001,239.52966600000002,0
024_r2.png,843.490368,332.650248,864.639936,359.85060000000004,1
024_r2.png,678.7998719999999,299.419794,702.980352,322.079382,1
024_r2.png,668.229696,127.199592,687.8701440000001,154.36968000000002,1
024_r2.png,538.290432,139.259796,556.420608,166.460148,1
024_r2.png,474.829632,305.45979,494.47008,329.63025000000005,1
024_r2.png,366.05030400000004,237.47054999999997,388.710144,260.130138,1
024_v1.png,950.7697919999999,284.310492,973.4296320000001,305.460372,1
024_v1.png,461.229696,409.709958,479.359872,432.369546,1
024_v1.png,616.8597120000001,338.699556,638.00928,364.379724,1
024_v1.png,604.769472,187.61002800000003,624.40992,217.829796,1
024_v1.png,437.06016,290.35048800000004,479.36044799999996,328.11996000000005,1
024_v1.png,748.299456,158.90055,770.969664,183.080322,1
024_v1.png,790.610112,264.659262,820.830528,285.819618,1
024_v1.png,931.120128,184.599342,955.300608,207.249618,1
024_v1.png,660.120192,214.95006000000004,692.4499200000001,249.87006,0
024_v2.png,587.690496,151.580154,622.6099199999999,183.91025399999998,0
024_v2.png,370.579968,313.01007599999997,393.239808,335.68014,1
024_v2.png,363.019968,195.15973200000002,400.79980800000004,234.44938800000003,1
024_v2.png,535.269888,267.689736,548.8704,288.839616,1
024_v2.png,533.759616,92.420436,548.869248,113.57031599999999,1
024_v2.png,681.81984,78.81967800000001,699.960384,102.99945,1
024_v2.png,710.5299839999999,234.450552,737.7298559999999,255.600432,1
024_v2.png,863.1296639999999,278.259438,885.7998719999999,311.49978600000003,1
024_v2.png,849.540096,169.47956399999998,875.22048,190.629444,1
025_r1.png,894.860352,201.20962200000002,914.5008000000001,220.849794,1
025_r1.png,690.489792,191.250438,732.359232,318.260298,2
025_r1.png,700.2097919999999,155.459766,731.24928,186.50015399999998,0
025_r1.png,772.500672,177.029268,792.1203840000001,204.22962,1
025_r1.png,621.390528,189.120318,642.540096,217.830378,1
025_r1.png,577.570176,204.22962,595.7003520000001,225.37950000000004,1
025_r1.png,514.110528,196.67002200000002,530.730432,217.83037800000002,1
025_r1.png,488.43014400000004,245.02025399999997,505.050048,264.66042600000003,1
025_r2.png,630.449856,139.25979600000002,650.0995200000001,164.93996400000003,1
025_r2.png,343.38009600000004,217.83037800000002,367.56057599999997,237.47054999999997,1
025_r2.png,761.899968,163.430256,778.519872,189.119736,1
025_r2.png,548.89056,120.53976600000001,585.110592,152.86986600000003,0
025_r2.png,553.709952,154.96040999999997,606.750336,281.97027,2
025_r2.png,367.55999999999995,164.93996400000003,391.730112,190.629444,1
025_r2.png,435.550464,172.500144,453.68064,193.65002400000003,1
025_r2.png,476.339904,152.859972,495.980352,183.07974,1
025_v1.png,694.999872,123.130248,727.3699200000001,152.870448,0
025_v1.png,887.309568,121.129914,905.439744,148.31978999999998,1
025_v1.png,693.2793599999999,156.36011999999997,732.3598079999999,291.740304,2
025_v1.png,917.529984,169.48072799999997,935.6601600000001,198.180312,1
025_v1.png,826.869888,145.300374,845.0000640000001,164.94054599999998,1
025_v1.png,512.600256,195.16031400000003,539.800128,219.340086,1
025_v1.png,636.50016,145.299792,656.1406080000002,172.500144,1
025_v1.png,786.079872,140.769504,808.739712,158.899968,1
025_v2.png,399.289536,190.63002600000002,423.459648,214.80048599999998,1
025_v2.png,668.2302719999999,131.700198,686.3604479999999,155.87997,1
025_v2.png,795.140352,131.710092,817.8001920000002,152.859972,1
025_v2.png,763.4102399999999,95.43927,786.0804479999999,116.599626,1
025_v2.png,706.00032,125.66020200000001,725.6407680000001,149.83997399999998,1
025_v2.png,583.019712,143.80056,627.679296,274.990344,2
025_v2.png,583.8099840000001,106.30928399999999,612.2701440000001,139.939572,0
025_v2.png,523.179648,136.239798,545.839488,163.429674,1
026_r1.png,677.630592,242.13993599999998,717.980544,274.729608,0
026_r1.png,976.4496,214.80048599999998,1006.6700159999999,243.51054599999998,1
026_r1.png,917.5299839999999,214.80048600000003,940.189824,238.98025800000002,1
026_r1.png,618.3705600000001,303.950082,645.5600639999999,335.67955800000004,1
026_r1.png,588.150144,309.99066,606.28032,335.68014,1
026_r1.png,471.81024,332.650248,491.450688,362.870016,1
026_r1.png,816.300288,202.720494,843.489792,225.38008200000002,1
026_r1.png,471.81024,387.04978800000004,491.450688,408.19966800000003,1
026_r1.png,450.65952,415.74995399999995,474.829632,439.929726,1
026_r1.png,758.90016,251.069562,781.5404159999999,278.259438,1
026_r2.png,631.960128,213.289614,650.100672,234.44997,1
026_r2.png,295.03008,291.860778,314.679744,314.520366,1
026_r2.png,322.229952,261.639846,341.87039999999996,281.28001800000004,1
026_r2.png,329.78016,219.340086,347.92070399999994,241.99967400000003,1
026_r2.png,447.63033599999994,225.38008200000002,462.739968,245.02025399999997,1
026_r2.png,485.4096,216.319506,502.029504,235.95967800000003,1
026_r2.png,696.930048,202.71991199999997,718.089984,223.869792,1
026_r2.png,795.140352,238.97967599999998,813.270528,260.12955600000004,1
026_r2.png,855.5806080000001,254.08955999999998,872.200512,275.23944,1
026_r2.png,547.26048,184.709922,584.5104,215.75031,0
026_v1.png,798.16032,169.480146,817.8099840000001,192.139734,1
026_v1.png,816.300288,213.29019599999998,828.38016,229.909788,1
026_v1.png,916.0099199999999,174.00985200000002,935.659584,199.699332,1
026_v1.png,959.829696,198.18031200000001,983.9998079999999,217.80069600000002,1
026_v1.png,968.8993919999999,232.93967999999998,988.53984,254.08956,1
026_v1.png,703.050048,249.87064199999998,753.28992,389.440062,2
026_v1.png,505.050624,281.2806,527.710464,306.97008,1
026_v1.png,696.249792,203.34032399999998,735.0503040000001,235.92999600000002,0
026_v1.png,573.040512,234.450552,595.7003520000001,255.600432,1
026_v1.png,441.589824,316.039968,458.209728,337.189848,1
026_v1.png,656.1394559999999,205.73991,675.779904,228.39949800000002,1
026_v2.png,690.889536,157.39026,707.50944,178.54014000000004,1
026_v2.png,849.5395199999999,198.17973,869.179968,219.340086,1
026_v2.png,601.1602559999999,199.62018,643.0296960000001,344.780292,2
026_v2.png,822.3402239999999,160.41084,840.4703999999999,186.10031999999998,1
026_v2.png,863.1296639999999,228.40008,885.7998719999999,254.08955999999998,1
026_v2.png,595.369728,159.879474,637.2794880000001,189.36941399999998,0
026_v2.png,343.380096,287.33048999999994,358.489728,308.50015799999994,1
026_v2.png,402.31065600000005,251.07072599999998,424.970496,273.730314,1
026_v2.png,473.31936,196.67002200000002,492.95980799999995,216.319506,1
026_v2.png,713.5499520000001,180.05043,728.659584,195.16031400000003,1
026_v2.png,553.40064,175.520724,574.550208,201.21020399999998,1
027_r1.png,666.770112,206.44005600000003,702.460224,240.589488,0
027_r1.png,461.20032000000003,193.649442,483.90048,213.28961400000003,1
027_r1.png,375.11020800000006,178.53955799999997,391.730112,198.17973,1
027_r1.png,805.72032,217.829214,828.38016,241.999674,1
027_r1.png,633.26016,248.469768,704.439936,467.59975199999997,2
027_r1.png,987.0301440000001,296.390484,1005.1603200000001,313.010076,1
027_r2.png,922.0596479999999,245.02083600000003,940.189824,270.710316,1
027_r2.png,580.230144,230.30031,643.030272,442.470738,2
027_r2.png,328.27046399999995,270.710316,346.40064,288.84078,1
027_r2.png,424.96992,275.240022,444.610368,294.88019399999996,1
027_r2.png,607.790016,181.60960799999998,645.039936,218.85993600000003,0
027_r2.png,743.770368,180.04984800000003,761.900544,202.71991200000002,1
027_v1.png,626.2801919999999,213.57944999999995,717.0001920000001,424.329798,2
027_v1.png,663.660288,173.849802,696.2503679999999,212.649414,0
027_v1.png,973.430208,184.59002999999998,997.6003199999999,211.779906,1
027_v1.png,882.769536,193.65002400000003,906.9500160000001,216.320088,1
027_v1.png,538.290432,180.04984800000003,556.420608,202.71991200000002,1
027_v1.png,367.56000000000006,252.580434,387.200448,275.240022,1
027_v2.png,193.799808,467.13007799999997,211.929984,491.300538,1
027_v2.png,444.83039999999994,274.73019,474.320448,313.52980199999996,0
027_v2.png,727.149888,148.32037200000002,748.299456,178.54013999999998,1
027_v2.png,647.0697600000001,199.700496,669.7399680000001,225.38066400000002,1
027_v2.png,331.29964799999993,341.720136,352.449216,362.870016,1
028_r1.png,879.749568,142.279794,899.3900160000001,161.91996600000002,1
028_r1.png,637.28064,90.04005599999999,668.3201280000001,125.739936,0
028_r1.png,641.639808,134.029362,684.899712,288.949614,2
028_r1.png,412.88025600000003,196.67002200000002,426.480768,217.83037800000002,1
028_r2.png,372.999744,257.7096,389.619648,275.849376,1
028_r2.png,591.389568,181.47924,641.639808,339.1896,2
028_r2.png,829.29024,191.23006800000002,844.399872,213.900132,1
028_r2.png,596.930688,142.809414,626.410368,173.849802,0
028_v1.png,481.780224,210.879552,499.9104,232.029432,1
028_v1.png,691.8802559999999,220.559958,733.749696,360.129378,2
028_v1.png,938.0707199999999,161.020194,957.720384,180.66036600000004,1
028_v1.png,713.3299199999999,178.510458,744.369408,217.31007000000002,0
028_v2.png,835.3296,156.480012,851.949504,173.099604,1
028_v2.png,573.250176,152.170302,616.51008,305.70073799999994,2
028_v2.png,344.290176,191.229486,362.42035200000004,212.38984200000002,1
028_v2.png,576.7505279999999,110.22032399999999,610.890048,142.80999599999998,0
029_r1.png,430.409664,229.010598,451.559232,251.670186,1
029_r1.png,670.949568,206.60010599999995,735.149376,385.249662,2
029_r1.png,668.319552,166.08999599999999,704.0096639999999,198.679668,0
029_r1.png,412.280064,310.600014,430.41024,330.240186,1
029_r1.png,942.6101759999999,194.260542,965.2700159999999,221.450418,1
029_r2.png,301.97952,229.00943400000003,326.15999999999997,253.179894,1
029_r2.png,546.729408,214.98032400000002,606.74976,397.809804,2
029_r2.png,548.8104960000001,175.400832,579.8499840000001,209.550264,0
029_r2.png,818.7102719999999,236.55972,842.890752,263.760072,1
029_r2.png,285.360192,307.57012199999997,308.0304,336.280182,1
029_v1.png,962.250624,191.229486,984.910464,212.38984200000002,1
029_v1.png,904.82976,108.13036199999999,924.479424,132.310134,1
029_v1.png,418.32,232.029432,439.479936,257.70959999999997,1
029_v1.png,655.89984,124.18948800000001,685.389888,158.329608,0
029_v1.png,652.799232,164.730444,705.8396159999999,350.36050800000004,2
029_v2.png,502.250112,204.889608,537.9505919999999,240.589488,0
029_v2.png,805.10976,198.789666,818.710272,221.44925400000002,1
029_v2.png,744.679872,136.83983999999998,768.849984,154.97030399999997,1
029_v2.png,288.389952,371.029656,309.53952000000004,393.69972,1
030_r1.png,545.240448,290.95053,560.3500799999999,310.60001400000004,1
030_r1.png,680.720256,258.239802,737.940096,397.80922200000003,2
030_r1.png,671.4201600000001,209.54968200000002,704.01024,248.34929400000001,0
030_r2.png,672.970752,131.950458,704.01024,170.75007,0
030_r2.png,679.3199999999999,178.690296,737.93952,321.049824,2
030_r2.png,539.19936,209.36926200000002,564.879744,233.53972199999998,1
030_v1.png,715.6103039999999,189.85014600000002,749.100096,337.800366,2
030_v1.png,838.350144,142.890312,865.550016,173.100768,1
030_v1.png,697.810752,145.90972800000003,724.1904,183.160056,0
030_v2.png,482.530176,201.020472,518.82048,348.960216,2
030_v2.png,472.770432,155.230458,502.250112,195.58051799999998,0
030_v2.png,616.250304,167.05960799999997,638.920512,188.209488,1
031_r1.png,696.0994559999999,195.440256,758.869632,361.51977600000004,2
031_r1.png,564.879744,222.960126,583.00992,244.120482,1
031_r1.png,859.5095039999999,183.67978200000002,877.63968,203.31995399999997,1
031_r1.png,693.1503359999999,156.78032399999998,724.189824,190.920444,0
031_r1.png,424.369728,292.460238,459.119808,316.64001,1
031_r1.png,824.76,159.51048600000001,841.379904,179.15065799999996,1
031_r1.png,428.899968,322.680006,447.03014400000006,343.840362,1
031_r1.png,956.199744,173.100186,986.4201599999999,210.880134,1
031_r2.png,957.7198080000001,201.809664,983.4001920000001,222.95954400000002,1
031_r2.png,478.760256,275.85054,498.400704,325.70000400000004,1
031_r2.png,524.090304,274.329192,548.2604160000001,292.459656,1
031_r2.png,620.780544,225.990018,646.470144,248.649606,1
031_r2.png,900.3000959999999,167.06019,919.940544,189.71977800000002,1
031_r2.png,753.289344,188.45974800000002,823.079808,347.569236,2
031_r2.png,1048.370688,200.300538,1074.060288,241.09059,1
031_r2.png,761.4403199999999,147.47007000000002,789.3705600000001,181.599714,0
031_v1.png,870.080256,114.17967,894.2607360000001,142.88973,1
031_v1.png,712.82016,145.189794,768.64032,315.47019,2
031_v1.png,983.400768,167.05960799999997,1004.550336,188.209488,1
031_v1.png,1031.750208,161.020194,1052.899776,210.880134,1
031_v1.png,708.67008,104.010384,739.709568,141.260712,0
031_v1.png,457.609536,225.990018,481.779648,269.799486,1
031_v1.png,530.13024,212.390424,549.770688,233.54030400000002,1
031_v1.png,595.100736,159.50990399999998,616.250304,185.19007200000001,1
031_v2.png,530.13024,215.40925800000002,549.770688,239.57971799999999,1
031_v2.png,912.390336,186.69978,933.5399040000001,209.369844,1
031_v2.png,992.470464,229.01001599999998,1016.6405759999999,254.690184,1
031_v2.png,1068.009984,221.450418,1093.699584,275.84995799999996,1
031_v2.png,484.800192,219.94012800000002,507.4704,259.229784,1
031_v2.png,747.7096319999999,196.82949000000002,796.5601919999999,367.109886,2
031_v2.png,752.130432,156.78032399999998,783.16992,190.920444,0
031_v2.png,631.3593599999999,180.660366,655.53984,203.31995400000002,1
032_r1.png,771.440256,53.080145999999985,811.910016,213.580614,2
032_r1.png,773.849664,9.340518000000001,811.0995839999999,48.140130000000006,0
032_r1.png,1010.6697600000001,51.839904,1032.4298880000001,80.12044800000001,1
032_r1.png,542.219904,136.83984,564.879744,159.50990399999998,1
032_r1.png,622.3000320000001,74.890014,637.400448,94.539498,1
032_r1.png,557.330112,83.96048399999998,576.97056,100.580076,1
032_r2.png,1119.8304,191.369748,1136.230272,210.489612,1
032_r2.png,708.2501760000001,123.64008,730.010304,145.390584,1
032_r2.png,651.680064,104.05985399999999,673.4401919999999,123.63949799999999,1
032_r2.png,616.87008,143.219724,636.450624,164.97954,1
032_r2.png,866.340288,166.130154,906.820416,326.63062199999996,2
032_r2.png,877.840128,124.19006999999999,910.430208,162.989682,0
032_v1.png,578.820096,237.820332,597.9502079999999,256.940196,1
032_v1.png,975.0199680000001,150.379488,994.139712,172.23940800000003,1
032_v1.png,1029.659904,131.24973,1048.790016,150.38007,1
032_v1.png,1062.450432,177.70031400000002,1081.580544,196.83065399999998,1
032_v1.png,790.929792,147.470652,820.409472,180.06032400000004,0
032_v1.png,799.3491839999999,196.83007199999997,848.199744,348.960216,2
032_v2.png,887.580288,153.110232,909.44064,174.970152,1
032_v2.png,649.9998720000001,174.499314,694.669824,328.02975000000004,2
032_v2.png,417.610368,240.54991199999998,436.74048,262.409832,1
032_v2.png,802.8794879999999,131.250312,824.73984,144.920328,1
032_v2.png,857.52,109.390392,884.8500480000001,133.990368,1
032_v2.png,631.0702080000001,131.949876,663.660288,166.089996,0
033_r1.png,849.330432,169.51040999999998,873.900288,196.830654,1
033_r1.png,608.879808,172.23999,625.269312,196.82949000000002,1
033_r1.png,722.590272,182.880114,772.830144,355.940142,2
033_r1.png,505.04025600000006,194.10049199999997,535.100544,215.960412,1
033_r1.png,488.6496,243.279492,510.509952,265.139412,1
033_r1.png,735.0497280000001,142.809996,761.439744,176.950116,0
033_r1.png,961.34976,207.760614,988.679808,232.350114,1
033_r2.png,725.7404160000001,125.73993600000001,758.330496,161.430504,0
033_r2.png,494.11987199999993,183.170532,521.439552,205.03045200000003,1
033_r2.png,469.519488,229.620534,496.849536,254.21003399999998,1
033_r2.png,958.620096,199.55965199999997,980.500032,226.89968399999998,1
033_r2.png,843.8595839999999,150.38007,871.1896320000001,174.96957,1
033_r2.png,719.8001280000001,164.729862,775.620288,335.010258,2
033_r2.png,597.949632,166.800036,625.299264,188.629692,1
033_v1.png,583.019712,206.599524,641.639232,372.699996,2
033_v1.png,808.340544,166.769772,832.929984,188.629692,1
033_v1.png,707.239296,166.76977200000002,729.0996480000001,191.369748,1
033_v1.png,474.990336,232.34953199999998,494.120448,254.209452,1
033_v1.png,841.129344,207.76003199999997,862.9896960000001,229.619952,1
033_v1.png,572.089536,166.090578,604.689984,204.89019,0
033_v1.png,371.159424,311.59057800000005,393.019776,336.180078,1
033_v2.png,838.3996800000001,207.76003199999997,865.71936,229.619952,1
033_v2.png,373.889664,314.319576,395.75001599999996,338.91955199999995,1
033_v2.png,472.26067200000006,232.34953199999998,496.85011199999997,254.209452,1
033_v2.png,704.5107840000001,166.770354,729.1002239999999,194.09991000000002,1
033_v2.png,808.339968,164.04077399999997,830.2003200000001,188.630274,1
033_v2.png,567.440064,167.640444,606.240576,201.789876,0
033_v2.png,583.0202879999999,206.60010599999995,640.240128,374.079918,2
034_r1.png,790.979904,187.06061999999997,835.639488,368.500284,2
034_r1.png,786.2705279999999,150.570384,820.410048,186.27026399999997,0
034_r1.png,983.210112,215.95982999999998,1007.80992,240.54933,1
034_r1.png,873.920448,166.769772,898.5098879999999,188.629692,1
034_r1.png,688.120128,185.90069400000002,712.7095679999999,210.490194,1
034_r1.png,600.679872,183.16995,625.269312,207.75945,1
034_r1.png,562.430016,226.88979,600.679872,251.47929,1
034_r2.png,455.860224,213.22966799999998,477.720576,243.279492,1
034_r2.png,556.500096,212.19021600000002,612.3306240000001,382.460136,2
034_r2.png,547.26048,175.399668,576.750528,207.98934,0
034_r2.png,362.960064,221.41957200000002,390.27974400000005,243.27949200000003,1
034_r2.png,737.30016,213.23025,764.61984,237.81975,1
034_r2.png,633.4698239999999,177.70031399999996,655.330176,194.09991,1
034_r2.png,332.899776,265.139994,376.61932799999994,295.20029400000004,1
034_v1.png,633.4698239999999,174.970734,655.330176,199.560234,1
034_v1.png,547.26048,172.29993599999997,575.199936,207.99050400000002,0
034_v1.png,556.500096,212.19021600000002,610.9297919999999,383.84995200000003,2
034_v1.png,335.64038400000004,262.40983200000005,373.89024,295.199712,1
034_v1.png,368.42976000000004,224.149734,390.279744,243.28007399999998,1
034_v1.png,455.860224,215.960412,477.69984000000005,240.49985999999998,1
034_v1.png,740.0304,213.23025,767.3500799999999,240.55049400000001,1
034_v2.png,319.2405120000001,284.270334,343.829952,308.8598339999999,1
034_v2.png,417.610368,213.23025,436.74048,240.55049400000001,1
034_v2.png,597.21984,178.44993,617.289984,207.43935,1
034_v2.png,679.730112,158.37966,702.02016,180.679572,1
034_v2.png,713.169792,194.059752,748.8495360000001,218.58988799999997,1
034_v2.png,489.840192,178.509876,525.530304,212.64999600000002,0
034_v2.png,490.900032,214.979742,552.309696,386.64995400000004,2
035_r1.png,499.10975999999994,200.74926000000002,532.550016,245.339772,1
035_r1.png,668.5804800000001,187.370244,686.4203519999999,214.130604,1
035_r1.png,608.370048,162.840108,628.440192,189.600468,1
035_r1.png,797.90976,138.309972,820.2101759999999,160.609884,1
035_r1.png,902.7095039999999,171.75925800000002,920.549376,187.369662,1
035_r1.png,931.699584,180.680736,954.0,200.75042399999998,1
035_r1.png,744.3907200000001,171.75984,768.9202560000001,194.059752,1
035_r1.png,712.819584,164.729862,739.329408,287.549322,2
035_r1.png,707.119488,130.389534,739.7095679999999,161.42992199999998,0
035_r2.png,987.4494719999999,225.27997799999997,1007.519616,247.569414,1
035_r2.png,925.010496,223.050336,954.0005760000001,240.88048799999999,1
035_r2.png,804.889728,158.33019,831.2797439999999,189.370578,0
035_r2.png,594.9895680000001,227.510202,617.289984,254.26008599999997,1
035_r2.png,690.8803200000001,223.050336,708.709824,238.65026400000002,1
035_r2.png,769.9898880000001,204.90997800000002,785.509632,223.530486,1
035_r2.png,708.7092480000001,196.289976,731.009664,216.35966399999998,1
035_r2.png,543.699648,211.899798,557.0801280000001,234.18923400000003,1
035_r2.png,800.7500160000001,192.65014800000003,831.449664,312.670188,2
035_r2.png,884.8800000000001,187.370244,913.8597120000001,209.67015600000002,1
035_v1.png,597.2198400000001,207.439932,615.059712,225.27939600000002,1
035_v1.png,668.319552,173.849802,696.2497920000001,203.339742,0
035_v1.png,677.919744,213.580032,722.5896959999999,325.240224,2
035_v1.png,929.470464,176.220288,949.540608,194.059752,1
035_v1.png,891.559296,191.829528,913.8597120000001,214.12944000000002,1
035_v1.png,766.689984,180.69935999999998,797.910336,216.35966399999998,1
035_v1.png,717.630336,207.43993199999997,737.7004800000001,234.200292,1
035_v1.png,565.9994879999999,267.639684,586.069632,289.939596,1
035_v1.png,508.01932800000003,289.939596,530.319744,310.009284,1
035_v2.png,721.8806400000001,184.72970999999998,740.500416,204.909978,1
035_v2.png,954.0,149.459928,974.070144,167.29939199999998,1
035_v2.png,612.830592,158.37966000000003,628.4401919999999,182.909796,1
035_v2.png,806.8296959999999,167.300556,824.669568,185.14002,1
035_v2.png,795.679488,142.77041999999997,815.7496320000001,160.609884,1
035_v2.png,508.02048,229.74042599999999,525.860352,252.029862,1
035_v2.png,559.309824,216.360246,581.6102400000001,238.64968200000004,1
035_v2.png,685.389888,131.950458,711.769536,158.33019,0
035_v2.png,911.6305920000001,165.07033200000004,929.470464,185.14002,1
036_r1.png,711.7701119999999,207.989922,745.92,235.92941399999998,0
036_r1.png,772.62048,268.219938,788.680512,289.62939,1
036_r1.png,459.55008000000004,356.53029,507.710592,404.69079000000005,1
036_r1.png,628.129728,329.76993,654.8895359999999,348.49985399999997,1
036_r1.png,927.820224,252.169542,949.200192,284.299434,1
036_r1.png,461.13984,169.20951600000004,512.360064,204.90939600000002,3
036_r1.png,510.79967999999997,322.85984400000007,591.509952,356.999964,3
036_r1.png,699.360192,232.829682,733.499712,260.759862,0
036_r2.png,561.540096,321.830286,579.379968,353.04993,1
036_r2.png,400.990464,353.04993,434.43993599999993,393.19047,1
036_r2.png,434.759616,318.19977,520.1193599999999,349.24015799999995,3
036_r2.png,383.539968,166.11036600000003,442.520064,203.350218,3
036_r2.png,623.310336,192.47031,654.3498240000001,223.51069800000002,0
036_r2.png,624.859776,161.42992199999998,657.449856,192.47030999999998,0
036_r2.png,878.18976,237.090504,900.479808,254.929968,1
036_r2.png,853.6596479999998,259.389252,871.4995200000001,286.149612,1
036_r2.png,695.339712,283.919388,717.62976,308.44952400000005,1
036_v1.png,790.15968,245.26003799999998,878.629824,276.30042599999996,3
036_v1.png,410.160384,259.30951799999997,457.30022399999996,310.079706,1
036_v1.png,586.029312,252.05954400000002,607.7998080000001,270.190008,1
036_v1.png,892.4399999999999,264.750054,926.89056,315.520242,1
036_v1.png,736.51968,266.55949200000003,758.26944,293.759844,1
036_v1.png,641.6392319999999,199.619598,673.7397119999999,308.489682,2
036_v1.png,641.930688,131.949294,669.8701440000001,162.989682,0
036_v1.png,648.140544,162.989682,682.290432,194.03007,0
036_v1.png,836.720064,86.950218,892.600128,130.41048600000002,3
036_v2.png,896.0699520000001,282.880518,921.449664,302.830314,1
036_v2.png,925.079616,264.749472,945.019584,282.879936,1
036_v2.png,659.780352,198.230364,693.2805119999999,311.280372,2
036_v2.png,660.560256,141.259548,700.910208,187.819548,0
036_v2.png,791.7194880000001,248.36035199999998,878.629824,274.75056,3
036_v2.png,836.720064,86.950218,892.600128,130.41048600000002,3
036_v2.png,426.480192,272.00002800000004,464.5503360000001,315.51966,1
036_v2.png,596.910528,259.3101,616.850496,293.759844,1
036_v2.png,738.3300479999999,272.000028,758.2700159999999,293.759844,1
037_r1.png,618.649344,138.150504,654.3498240000001,172.29993599999997,0
037_r1.png,619.310016,175.900188,666.759744,318.259716,2
037_r2.png,510.00940799999995,221.96025,539.499456,251.45019000000002,0
037_v1.png,655.89984,183.16005600000003,685.389888,217.309488,0
037_v1.png,648.620352,226.139592,687.6904319999999,360.12996,2
037_v2.png,694.6997759999999,178.509876,728.849664,214.20044400000003,0
037_v2.png,679.32,217.77043199999997,728.17056,348.960216,2
038_r1.png,906.559488,974.699844,940.709376,1008.839964,0
038_r1.png,670.950144,228.930282,710.0305920000001,350.359926,2
038_r1.png,678.419712,166.11036600000003,711.009792,194.040546,0
038_r1.png,661.349952,190.94023199999998,700.0997759999999,226.60053599999998,0
038_r1.png,444.07008,265.42983,464.240448,285.610098,1
038_r1.png,476.66015999999996,214.22023199999998,495.279936,239.05068,1
038_r1.png,548.099712,204.909978,591.509376,243.70959,1
038_r1.png,769.9898880000001,206.460426,793.2695040000001,232.840158,1
038_r1.png,894.149568,251.46939600000002,914.319936,273.189636,1
038_r1.png,419.239872,960.729516,453.379392,996.429396,0
038_r1.png,414.57945600000005,1139.2102920000002,439.409664,1160.939844,0
038_r1.png,599.2698240000001,979.350024,628.759872,1005.740232,0
038_r1.png,740.500416,976.250292,768.439872,1011.950172,0
038_r1.png,923.6396159999999,1123.6895160000001,951.5698560000001,1146.969516,0
038_r2.png,385.089984,257.670606,406.82016,276.30042599999996,1
038_r2.png,461.140416,253.01984399999998,482.870592,274.749396,1
038_r2.png,484.420032,234.39002399999998,503.039808,260.780232,1
038_r2.png,582.959808,167.64044399999997,604.689984,194.030652,0
038_r2.png,580.23072,234.519228,640.200384,354.499692,2
038_r2.png,433.20038400000004,1005.73965,464.239872,1036.780038,0
038_r2.png,617.890752,1001.08074,645.8302080000001,1035.230172,0
038_r2.png,799.4805120000001,954.520158,835.170624,985.560546,0
038_r2.png,960.8803200000001,900.200352,990.370368,934.349784,0
038_r2.png,575.199936,203.339742,603.130176,232.829682,0
038_r2.png,673.759872,189.389784,697.039488,214.220232,1
038_r2.png,801.029952,201.79977,821.2003199999999,221.980038,1
038_r2.png,1015.1999999999999,1038.3304859999998,1040.039424,1067.820426,0
038_r2.png,850.690368,1117.480158,880.1804159999999,1147.000362,0
038_r2.png,363.360384,311.9898299999999,381.990528,332.170098,1
038_v1.png,774.639936,206.460426,815.0002559999999,234.390606,1
038_v1.png,988.819776,921.929904,1026.069696,956.0700240000001,0
038_v1.png,807.239808,965.390754,839.829888,1004.190366,0
038_v1.png,630.3104639999999,980.9097840000001,664.449984,1010.3892480000001,0
038_v1.png,464.23929599999997,973.149978,496.83974399999994,1001.0801580000001,0
038_v1.png,458.040384,1119.030024,492.17990399999996,1145.420232,0
038_v1.png,641.639808,252.66016799999997,710.02944,354.549744,2
038_v1.png,833.620032,1145.420232,863.1100799999999,1164.0,0
038_v1.png,1030.72032,1100.409516,1052.4504960000002,1123.6895160000001,0
038_v1.png,889.490304,232.839576,914.3205120000001,256.119576,1
038_v1.png,666.769536,223.51069800000002,699.359616,251.45019000000002,0
038_v1.png,643.48992,190.91986200000002,676.0799999999999,218.85935400000002,0
038_v1.png,450.279936,245.259456,464.23987199999993,268.53945600000003,1
038_v1.png,560.470464,220.42959,579.09024,246.80932199999998,1
038_v1.png,853.799616,180.070218,875.49984,209.59973399999998,1
038_v2.png,976.4000639999999,1106.5996679999998,1004.3395200000001,1132.999188,0
038_v2.png,779.300352,1134.550218,802.579968,1154.730486,0
038_v2.png,442.52063999999996,245.26062000000002,461.140416,266.99017200000003,1
038_v2.png,562.019904,203.349636,583.75008,228.18939600000002,1
038_v2.png,660.5596800000001,198.68025,686.939328,228.17019,0
038_v2.png,648.1405440000001,164.54013,674.53056,194.03007,0
038_v2.png,892.599552,234.39002399999998,917.4297600000001,260.780232,1
038_v2.png,856.8996480000001,183.17984399999997,877.079232,208.010292,1
038_v2.png,765.3300479999999,192.490098,807.239808,220.42959,1
038_v2.png,652.800384,230.32941000000002,704.4399360000001,344.77971,2
038_v2.png,447.16953599999994,970.0397699999999,479.759616,1008.839382,0
038_v2.png,445.62067200000007,1123.6895160000001,473.560128,1146.969516,0
038_v2.png,621.0005759999999,979.349442,652.040064,1010.38983,0
038_v2.png,759.119616,962.2799640000001,794.820096,994.869636,0
038_v2.png,959.3297280000002,931.200582,988.819776,960.730098,0
039_r1.png,555.809472,212.670366,577.5396479999999,239.050098,1
039_r1.png,739.709568,107.109534,772.2996479999999,139.70968200000002,0
039_r1.png,740.73024,141.010452,775.619712,272.20023599999996,2
039_r1.png,936.050112,184.72970999999998,957.780288,200.24932199999998,1
039_r1.png,814.99968,138.16971,839.8298880000001,158.34997800000002,1
039_r1.png,700.149888,181.629978,724.9800960000001,200.25048599999997,1
039_r1.png,656.6901119999999,147.47996399999997,684.6295680000001,173.870172,1
039_r2.png,603.920448,204.90997800000002,624.100032,231.28971,1
039_r2.png,835.1694719999999,204.91056,856.8996480000001,228.19056000000003,1
039_r2.png,637.2794880000001,130.389534,669.869568,162.989682,0
039_r2.png,558.920448,172.30983,582.200064,190.93965,1
039_r2.png,454.93056,242.14983,481.3205760000001,270.089322,1
039_r2.png,712.559808,156.78963599999997,734.289984,180.069636,1
039_r2.png,638.8502399999999,166.130154,680.71968,300.110046,2
039_v1.png,700.149312,195.590412,720.3196800000001,217.319964,1
039_v1.png,748.260288,158.34997800000002,769.990464,184.72970999999998,1
039_v1.png,597.720384,161.44971,616.34016,180.07021799999998,1
039_v1.png,479.760192,220.42959,504.600768,239.050098,1
039_v1.png,663.659712,122.629728,693.14976,156.77916000000002,0
039_v1.png,658.390464,164.730444,700.259904,288.950196,2
039_v1.png,859.99968,218.870412,880.179264,242.150412,1
039_v2.png,598.4801279999999,124.19006999999999,629.519616,155.230458,0
039_v2.png,802.580544,200.249904,822.760128,221.97945600000003,1
039_v2.png,684.630144,149.02983,707.90976,176.96932199999998,1
039_v2.png,650.47968,181.62939599999999,675.320256,206.459844,1
039_v2.png,537.189696,164.55002399999998,557.360064,190.940232,1
039_v2.png,431.64979200000005,239.04951599999998,450.279936,262.329516,1
039_v2.png,598.3706880000001,156.36012,636.0503040000001,293.13012,2
040_r1.png,552.70944,96.27036599999998,572.879808,111.789978,1
040_r1.png,766.880064,71.430024,787.0596479999999,93.15957599999999,1
040_r1.png,663.660288,43.480056,696.2503679999999,80.730384,0
040_r1.png,661.1800319999999,86.570754,701.649792,265.22031000000004,2
040_r1.png,925.1896320000001,121.100232,940.709376,144.380232,1
040_r1.png,408.370176,166.109202,431.64979200000005,184.72970999999998,1
040_r2.png,968.6401920000001,211.110024,988.819776,234.390024,1
040_r2.png,717.9799680000001,147.469488,747.470016,183.16005600000003,0
040_r2.png,476.66016,290.270172,496.839744,313.55017200000003,1
040_r2.png,613.240128,203.349636,631.8599039999999,226.629636,1
040_r2.png,821.199744,183.180426,838.279296,209.56015799999997,1
040_r2.png,710.0300159999999,188.459748,757.4797439999999,371.2892279999999,2
040_v1.png,649.689984,159.880056,683.839872,194.029488,0
040_v1.png,917.430336,240.599964,937.6007040000001,263.87996400000003,1
040_v1.png,654.2006399999999,202.420182,698.8602239999999,386.64995400000004,2
040_v1.png,769.9893119999999,195.58983,790.15968,215.770098,1
040_v1.png,562.019904,200.249904,580.63968,223.52990400000002,1
040_v1.png,419.23929599999997,254.56971,436.30963199999997,284.05965,1
040_v2.png,420.790464,259.229784,439.41024,279.399576,1
040_v2.png,563.56992,201.800352,579.089664,223.52990400000002,1
040_v2.png,652.799232,201.01989,705.8396159999999,385.249662,2
040_v2.png,649.689408,158.32960799999998,682.289856,195.579936,0
040_v2.png,769.9893119999999,195.590412,790.15968,220.43017200000003,1
040_v2.png,917.4303359999999,242.14983,939.160512,262.330098,1
041_r1.png,752.1298559999999,141.259548,786.269376,175.39966800000002,0
041_r1.png,750.5003519999999,180.08011199999999,789.5808,386.650536,2
041_r2.png,688.48992,159.880056,717.9799679999999,195.57993599999998,0
041_r2.png,684.900288,198.230364,730.9607040000001,407.58042,2
041_v1.png,689.090112,157.74993600000002,736.5398399999999,361.519776,2
041_v1.png,686.939904,114.870504,722.640384,149.019936,0
041_v2.png,662.5699199999999,213.57945,708.630336,418.749582,2
041_v2.png,659.009664,170.75007,688.4893440000001,207.989922,0
042_r1.png,849.140352,204.91056,872.419968,228.19056000000003,1
042_r1.png,790.1602559999999,215.770098,808.7904,242.14982999999998,1
042_r1.png,591.509952,228.189396,613.240128,253.019844,1
042_r1.png,462.689856,279.39957599999997,484.420032,302.679576,1
042_r1.png,710.220096,204.889608,738.1595520000001,240.589488,0
042_r1.png,708.630336,249.86947800000002,751.9006079999999,399.20951399999996,2
042_r2.png,804.1305600000001,200.25048600000002,819.650304,217.32054599999998,1
042_r2.png,470.45030399999996,245.26003799999998,493.72992,274.749978,1
042_r2.png,600.81984,187.83002399999998,617.890176,214.220232,1
042_r2.png,883.2798720000001,194.039964,898.799616,218.87041200000002,1
042_r2.png,714.880512,167.63927999999999,745.9200000000001,204.889608,0
042_r2.png,696.0700800000001,210.789924,740.7296640000001,362.92006799999996,2
042_v1.png,482.87001599999996,249.909636,506.149632,273.189636,1
042_v1.png,691.6003199999999,159.88063799999998,725.73984,198.68025,0
042_v1.png,694.669824,206.60010599999998,746.309376,355.940142,2
042_v1.png,946.920384,200.25048600000002,967.090752,229.740426,1
042_v1.png,811.889856,167.660232,832.0694400000001,192.49068000000003,1
042_v1.png,596.1600000000001,201.800352,611.679744,226.63080000000002,1
042_v2.png,685.390464,161.42992199999998,716.4299520000001,192.47030999999998,0
042_v2.png,465.800256,256.120158,485.970624,284.05965,1
042_v2.png,585.300672,203.3508,605.4802559999999,225.080352,1
042_v2.png,807.240384,163.00073999999998,829.000512,184.73029200000002,1
042_v2.png,942.260544,201.800352,960.88032,225.080352,1
042_v2.png,687.689856,202.4196,735.149952,354.549744,2
043_r1.png,509.249664,242.14983,526.3199999999999,273.190218,1
043_r1.png,523.220544,189.389784,541.84032,214.220232,1
043_r1.png,725.37984,182.88069599999997,765.8496,348.960216,2
043_r1.png,719.529408,141.259548,752.129856,176.950116,0
043_r1.png,915.8803200000001,206.460426,939.159936,235.950366,1
043_r2.png,880.180416,229.740426,900.36,259.230366,1
043_r2.png,686.94048,155.230458,714.879936,192.47030999999998,0
043_r2.png,684.8997119999999,198.230364,715.609728,367.11046799999997,2
043_r2.png,482.87001599999996,187.83002399999998,506.149632,209.559576,1
043_r2.png,464.239872,237.49965,481.319424,265.42983,1
043_v1.png,606.2394240000001,144.360444,641.929536,178.509876,0
043_v1.png,844.479936,209.559576,869.320512,235.94978400000002,1
043_v1.png,821.199744,162.999576,838.279296,187.830024,1
043_v1.png,617.910336,192.649566,658.3904640000001,353.150034,2
043_v1.png,431.65036799999996,259.229784,451.829952,288.709248,1
043_v2.png,753.680448,180.05916,783.170496,215.74972800000003,0
043_v2.png,965.5395839999999,166.109784,990.369792,187.830024,1
043_v2.png,591.509952,327.510024,617.8896,353.900232,1
043_v2.png,771.4402560000001,226.139592,825.869952,389.43948,2
043_v2.png,1002.7895040000001,211.110024,1019.8598400000001,235.94978400000002,1
044_r1.png,725.379264,189.85014599999997,757.479744,309.880662,2
044_r1.png,724.189824,145.91031,759.8903040000001,184.709922,0
044_r1.png,498.390336,225.07977,524.769984,277.84971,1
044_r1.png,917.430336,218.86982999999998,946.920384,257.669442,1
044_r2.png,676.0794240000001,155.230458,705.569472,192.47030999999998,0
044_r2.png,665.359488,199.620762,710.0294399999999,315.47019,2
044_r2.png,447.170688,214.22023199999998,470.45030399999996,257.670024,1
044_r2.png,863.11008,231.29029200000002,898.8001919999999,277.850292,1
044_v1.png,953.120448,208.010292,974.850624,254.57029199999997,1
044_v1.png,736.599744,103.999326,767.6496,139.70968200000002,0
044_v1.png,743.5198079999999,142.400268,783.9999359999999,261.030492,2
044_v1.png,551.159424,176.970486,583.749504,229.740426,1
044_v2.png,655.589952,195.43967399999997,696.0700800000001,311.27979,2
044_v2.png,870.869952,197.15017200000003,905.0094720000001,243.710172,1
044_v2.png,462.68985599999996,254.56971,492.17990399999996,304.22944199999995,1
044_v2.png,643.48992,153.669534,680.7294720000001,186.26968200000002,0
045_r1.png,666.76032,181.47924,718.3998720000001,411.769656,2
045_r1.png,565.1199359999999,172.30983,585.2995199999999,200.249322,1
045_r1.png,447.16953599999994,257.669442,473.559552,288.70983,1
045_r1.png,759.120768,166.109784,782.4003839999999,195.58924800000003,1
045_r1.png,898.799616,240.599964,925.189632,265.430412,1
045_r1.png,662.110272,136.600638,696.2497920000001,175.40025,0
045_r2.png,869.319936,242.14983,891.0397439999999,271.63977,1
045_r2.png,626.410368,142.809996,660.560256,175.39966800000002,0
045_r2.png,409.92076800000007,257.67002399999996,434.760192,280.950024,1
045_r2.png,530.980416,175.419456,552.710592,200.24990400000002,1
045_r2.png,637.449984,185.67022199999997,676.530432,421.53968999999995,2
045_r2.png,724.980096,173.86959,748.2597119999999,204.909978,1
045_v1.png,665.2097279999999,131.949294,696.249216,162.989682,0
045_v1.png,451.830528,268.54062,475.110144,288.710412,1
045_v1.png,589.959936,180.069636,607.030272,203.34963600000003,1
045_v1.png,774.639936,152.140038,794.81952,170.76054599999998,1
045_v1.png,903.4600320000001,211.110024,929.83968,234.390024,1
045_v1.png,668.1600000000001,170.31007799999998,722.589696,410.369946,2
045_v2.png,797.9195520000001,166.11036600000003,822.760128,192.490098,1
045_v2.png,920.5297919999999,257.67002399999996,943.809408,279.399576,1
045_v2.png,694.6997759999999,127.289802,728.849664,166.089414,0
045_v2.png,684.900288,171.71037000000004,730.9607040000001,411.770238,2
045_v2.png,471.999744,235.949784,490.629888,257.670024,1
045_v2.png,610.1303039999999,166.11036600000003,633.4099199999999,194.040546,1
046_r1.png,596.1605759999999,302.679576,624.100032,338.37945599999995,1
046_r1.png,707.910336,251.469978,734.289984,288.70983,1
046_r1.png,864.660096,209.56015800000003,889.490304,229.740426,1
046_r1.png,428.09990400000004,368.49970199999996,461.58969599999995,477.36978600000003,2
046_r1.png,648.619776,240.10002599999999,700.2593280000001,346.169526,2
046_r1.png,498.390336,257.67002399999996,512.36064,284.060232,1
046_r1.png,540.290304,274.749978,555.810048,311.98983,1
046_r1.png,631.070208,192.47030999999998,672.9707520000001,234.38012999999998,0
046_r1.png,734.289408,206.46042599999998,769.9898880000001,245.26003799999998,1
046_r2.png,563.56992,239.05068,580.640256,260.780232,1
046_r2.png,702.4596479999999,170.75007,738.160128,212.650578,0
046_r2.png,482.86944,304.23002399999996,504.59961599999997,327.510024,1
046_r2.png,799.4805119999999,189.389202,833.620032,231.28971,1
046_r2.png,751.3597440000001,229.73984400000003,777.74976,273.189636,1
046_r2.png,648.9302399999999,279.40015800000003,670.660416,318.19977,1
046_r2.png,607.030272,248.35977,624.100608,290.26959,1
046_r2.png,914.319936,206.460426,939.1996800000002,234.399918,1
046_v1.png,835.6400639999999,212.190216,878.899968,330.82043999999996,2
046_v1.png,887.2801919999999,247.079952,929.149632,361.519776,2
046_v1.png,569.780352,214.21965,590.0002559999999,254.56971,1
046_v1.png,617.890176,243.71017199999997,644.2801919999999,288.710412,1
046_v1.png,731.189952,218.86982999999998,759.120192,260.77965,1
046_v1.png,768.4404480000001,189.390366,791.720064,226.63021799999999,1
046_v1.png,796.370688,164.55060600000002,819.650304,194.040546,1
046_v1.png,895.699584,209.559576,920.529792,232.83957600000002,1
046_v1.png,643.48992,161.42992199999998,683.839872,203.339742,0
046_v2.png,860.0002559999999,201.79976999999997,883.279872,229.69968599999999,1
046_v2.png,771.54048,162.999576,794.820096,189.38978400000002,1
046_v2.png,617.1004800000001,158.33019,654.3504,197.12980199999998,0
046_v2.png,426.700224,298.719648,490.900032,407.57925600000004,2
046_v2.png,813.3102719999999,203.80999799999998,905.420736,358.73025,2
046_v2.png,637.449984,205.21029,677.9197440000002,308.490846,2
046_v2.png,543.400128,220.430754,563.570496,259.230366,1
046_v2.png,430.100352,274.75056,445.62009600000005,298.03056,1
046_v2.png,591.5099520000001,235.950366,610.129728,274.749978,1
046_v2.png,693.940608,218.86982999999998,717.220224,260.77965,1
046_v2.png,732.7399679999999,189.389202,763.779456,231.28971,1
047_r1.png,693.14976,139.710264,727.2892800000001,173.85038400000002,0
047_r1.png,693.279936,178.68971400000004,746.309952,290.33943,2
047_r1.png,926.740224,183.17984399999997,950.01984,208.010292,1
047_r1.png,479.760192,265.430412,499.939776,288.710412,1
047_r2.png,953.120448,221.97945599999997,974.850624,245.259456,1
047_r2.png,722.639808,152.119668,750.570048,184.70934000000003,0
047_r2.png,490.629888,249.909636,513.909504,274.74939600000005,1
047_r2.png,715.6103039999999,187.060038,760.2698879999999,308.489682,2
047_v1.png,742.130496,202.4196,789.5802239999999,321.049824,2
047_v1.png,976.4000639999999,187.830606,1004.3395200000001,215.770098,1
047_v1.png,736.610112,167.639862,770.7496320000001,198.68025,0
047_v1.png,540.290304,276.299262,563.56992,294.91977,1
047_v2.png,473.559552,273.190218,495.27936000000005,293.37048599999997,1
047_v2.png,665.209728,181.61019000000002,691.599744,211.10013,0
047_v2.png,673.7397119999999,212.18963399999998,726.769728,328.02975000000004,2
047_v2.png,908.1204480000001,197.150172,923.6401920000001,220.43017200000003,1
048_r1.png,946.919808,180.0708,968.6396159999999,201.80035200000003,1
048_r1.png,634.9593600000001,145.92951599999998,653.589504,170.759964,1
048_r1.png,655.13952,138.16970999999998,676.8696960000001,166.10920199999998,1
048_r1.png,676.870272,124.200546,693.940608,153.690486,1
048_r1.png,895.70016,175.419456,915.879744,198.69945600000003,1
048_r2.png,622.550016,162.999576,645.829632,186.27957600000002,1
048_r2.png,883.279872,153.689322,900.359424,184.72970999999998,1
048_r2.png,852.240384,152.14061999999998,878.6303999999999,173.870172,1
048_r2.png,574.439616,100.91996400000001,594.6099839999999,122.64951599999999,1
048_r2.png,568.2297599999999,144.37965,583.749504,170.759382,1
048_v1.png,549.600192,155.23977,569.779776,175.42003799999998,1
048_v1.png,856.8996480000001,138.17029200000002,877.079232,163.00074000000004,1
048_v1.png,841.3799040000001,91.61029200000002,859.99968,113.339844,1
048_v1.png,793.27008,153.689322,811.8898559999999,173.86959,1
048_v1.png,577.5396479999999,180.070218,599.2698240000001,198.700038,1
048_v2.png,527.880384,144.37965,548.050752,172.30982999999998,1
048_v2.png,549.599616,156.78963599999997,565.11936,180.069636,1
048_v2.png,780.850368,195.58983,802.580544,215.770098,1
048_v2.png,822.760704,145.92951599999998,838.280448,169.209516,1
048_v2.png,841.3799040000001,198.700038,859.99968,225.07977,1
049_r1.png,649.689984,234.38012999999998,683.839872,276.280638,0
049_r1.png,643.48992,135.049608,674.5294080000001,172.29993599999997,0
049_r1.png,648.140544,288.700518,688.4904959999999,329.05057800000003,0
049_r1.png,652.800384,189.36999599999996,685.390464,226.620324,0
049_r2.png,645.039936,197.13038400000002,682.289856,232.83026399999997,0
049_r2.png,646.590528,245.23966800000002,683.8404479999999,280.939548,0
049_r2.png,648.1393919999999,296.460324,683.839872,333.710652,0
049_r2.png,640.37952,142.809996,676.08,176.950116,0
049_v1.png,659.009664,237.47928,691.599744,274.729608,0
049_v1.png,645.039936,138.14934,679.1794560000001,175.39966800000002,0
049_v1.png,668.3207039999999,288.69935399999997,702.460224,330.59986200000003,0
049_v1.png,649.689984,192.469728,683.839872,232.83026399999997,0
049_v2.png,632.619648,228.169608,659.0096639999999,263.869488,0
049_v2.png,615.550464,180.06032400000004,648.140544,217.310652,0
049_v2.png,641.9301119999999,279.38968200000005,677.630592,316.62953400000004,0
049_v2.png,610.8906239999999,127.29038400000002,641.930112,161.430504,0
050_r1.png,877.0798080000001,170.759964,898.799616,194.03996400000003,1
050_r1.png,700.26048,156.36012,749.1006720000001,281.969688,2
050_r1.png,704.01024,124.20054599999999,745.9200000000001,149.02051799999998,0
050_r1.png,544.949568,183.17984399999997,563.569344,203.349636,1
050_r1.png,574.439616,169.21009800000002,593.059392,189.390366,1
050_r2.png,739.7107199999999,128.83966800000002,770.750208,161.42934,0
050_r2.png,721.190016,163.33946399999996,758.869632,298.71964799999995,2
050_r2.png,901.910016,229.740426,925.1896320000001,256.120158,1
050_r2.png,597.7198080000001,164.55060600000002,613.239552,180.07021799999998,1
050_r2.png,569.780352,170.759964,586.850688,192.489516,1
050_v1.png,607.0296960000001,186.279576,628.7598720000001,200.249904,1
050_v1.png,925.1896320000001,145.93067999999997,942.2599680000001,167.660232,1
050_v1.png,954.6802560000001,152.140038,974.850624,178.51977,1
050_v1.png,790.930368,86.94032399999999,811.100736,107.100804,0
050_v1.png,761.669568,115.88027400000001,809.119296,248.47035,2
050_v1.png,756.78048,80.729802,776.960064,108.669294,0
050_v2.png,790.160256,273.189636,807.239808,299.57984400000004,1
050_v2.png,644.430528,262.430202,686.299968,390.829878,2
050_v2.png,634.6598399999999,227.53988400000003,672.3394559999999,256.849404,0
050_v2.png,818.099712,270.090486,842.92992,296.47021800000005,1
050_v2.png,489.08044799999993,322.85984399999995,510.800256,343.029636,1
051_r1.png,462.69043200000004,248.35977000000003,481.32057599999996,279.40015800000003,1
051_r1.png,520.11936,260.77965,540.289728,291.820038,1
051_r1.png,701.6999040000001,291.820038,721.879488,319.75021799999996,1
051_r1.png,745.15968,409.77048599999995,769.9898880000001,437.709978,1
051_r1.png,828.959616,299.57984400000004,847.5897600000001,319.749636,1
051_r1.png,758.8702079999999,219.160248,799.350336,417.34987200000006,2
051_r1.png,1018.309824,290.26959,1041.599808,318.19977,1
051_r1.png,1060.210368,285.610098,1080.389952,311.98983,1
051_r1.png,758.869632,170.309496,795.1599359999999,209.38963199999998,0
051_r2.png,456.480576,284.05965000000003,484.420032,310.439382,1
051_r2.png,1061.760384,187.830606,1085.04,217.32054599999998,1
051_r2.png,1001.2400640000001,198.70062,1022.9598719999999,220.43017200000003,1
051_r2.png,521.669376,282.50978399999997,538.739712,307.340232,1
051_r2.png,706.36032,260.77965,728.080128,291.820038,1
051_r2.png,814.99968,235.949784,832.070016,260.780232,1
051_r2.png,777.7503360000001,357.00054599999993,807.240384,374.070606,1
051_r2.png,742.12992,120.099774,777.0193919999999,161.939754,0
051_r2.png,758.90016,168.920262,816.100416,354.50027400000005,2
051_v1.png,723.43008,239.04951599999998,743.6004479999999,262.329516,1
051_v1.png,915.8803200000001,194.039964,939.159936,220.43017200000003,1
051_v1.png,599.2704,287.159964,622.550016,310.43996400000003,1
051_v1.png,448.720128,321.309978,475.110144,339.93048600000003,1
051_v1.png,413.030016,322.85984399999995,428.54976000000005,347.690292,1
051_v1.png,777.74976,377.180232,802.5799680000001,398.900472,1
051_v1.png,996.5802239999999,169.21009800000002,1021.410432,198.700038,1
051_v1.png,704.4405119999999,147.979902,742.130496,182.880114,0
051_v2.png,504.600192,257.67002399999996,526.32,284.060232,1
051_v2.png,462.689856,245.260038,484.399296,273.190218,1
051_v2.png,687.7301759999999,280.950606,706.36032,308.89009799999997,1
051_v2.png,801.029376,299.57984400000004,818.099712,324.410292,1
051_v2.png,985.72032,311.98983,1008.9999359999999,339.929322,1
051_v2.png,1054.000512,310.440546,1077.280128,339.930486,1
051_v2.png,749.09952,168.920262,782.5996799999999,206.60010599999998,0
052_r1.png,714.210048,79.60014,749.0995200000001,115.879692,0
052_r2.png,631.870272,101.90005199999999,673.739712,138.209868,0
052_v1.png,677.9203200000001,87.96988199999998,704.440512,124.25991,0
052_v2.png,647.220096,76.79955600000001,682.109568,114.489876,0
053_r1.png,506.14963200000005,190.93965,530.97984,217.319382,1
053_r1.png,679.32,145.190376,705.840192,178.690296,0
053_r1.png,588.3995520000001,176.969904,613.240128,198.69945600000003,1
053_r1.png,794.820672,147.47996399999997,821.2003199999999,169.209516,1
053_r1.png,894.150144,195.58983,917.42976,214.21965,1
053_r1.png,499.940352,234.39002399999998,517.0106880000001,259.229784,1
053_r1.png,679.3199999999999,187.060038,721.18944,318.260298,2
053_r2.png,698.859648,202.420182,737.940096,335.010258,2
053_r2.png,521.670528,262.330098,544.950144,288.70983,1
053_r2.png,690.489792,167.51997,722.590272,198.229782,0
053_r2.png,889.490304,187.79917799999998,914.2997760000001,208.00971,1
053_r2.png,783.959616,147.47996399999997,811.889856,173.870172,1
053_r2.png,611.679744,198.70062,627.199488,220.43017200000003,1
053_r2.png,527.879808,215.770098,549.5996160000001,245.26003799999998,1
053_v1.png,891.0397439999999,192.49068,909.669888,214.220232,1
053_v1.png,697.4599679999999,170.309496,736.5404159999999,300.109464,2
053_v1.png,689.090112,128.439834,721.190592,163.340046,0
053_v1.png,875.52,153.68990399999998,894.1501440000001,175.419456,1
053_v1.png,790.160256,141.270024,813.439872,162.99957600000002,1
053_v1.png,577.5402240000001,145.930098,600.81984,172.30982999999998,1
053_v1.png,487.520064,209.56015800000003,507.69964799999997,226.63021799999999,1
053_v2.png,825.8601600000001,139.72074,852.239808,161.45029200000002,1
053_v2.png,527.880384,225.08035199999998,548.050752,251.47056,1
053_v2.png,614.7901439999999,158.35056,639.620352,181.63056,1
053_v2.png,726.770304,124.25991,754.690176,156.359538,0
053_v2.png,730.960128,167.52055199999998,770.0405760000001,297.32052,2
053_v2.png,929.83968,183.17984399999997,950.019264,208.010292,1
053_v2.png,908.120448,145.92951599999998,931.4000639999999,169.209516,1
054_r1.png,758.8702079999999,117.280566,793.770048,154.96041000000002,0
054_r1.png,747.710208,157.74935399999998,784.000512,237.30991799999998,2
054_r2.png,696.0700800000001,131.199678,740.7296640000001,213.57945000000004,2
054_r2.png,690.490368,99.129732,725.3798400000001,132.629652,0
054_v1.png,740.7302400000001,93.549516,777.020544,127.049436,0
054_v1.png,739.33056,128.439834,770.0405760000001,209.39021400000001,2
054_v2.png,735.149952,85.17977400000001,771.440256,117.279402,0
054_v2.png,736.53984,121.46980199999999,768.6403200000001,203.80999799999998,2
055_r1.png,703.050048,261.02932799999996,735.150528,298.71964799999995,0
055_r1.png,703.0506239999999,226.139592,740.700288,256.799352,0
055_r1.png,705.840192,174.49989599999998,733.749696,202.4196,0
055_r1.png,701.649792,124.260492,735.149952,159.150228,0
055_r1.png,451.829952,279.40074,472.00032,301.130292,1
055_r1.png,540.289728,209.559576,560.4693120000001,232.83957600000002,1
055_r1.png,936.050112,184.730292,957.780288,206.459844,1
055_r2.png,670.95072,171.71036999999998,701.650368,203.809998,0
055_r2.png,669.549888,221.96025,698.860224,248.47035,0
055_r2.png,908.119872,184.730292,934.4995200000001,208.010292,1
055_r2.png,672.3394559999999,258.239802,703.049472,298.7202300000001,0
055_r2.png,406.820736,246.809904,430.100352,271.640352,1
055_r2.png,499.939776,190.94023199999998,526.319424,214.220232,1
055_r2.png,673.739712,122.8602,704.43936,161.940336,0
055_v1.png,970.1999999999999,200.249322,996.579648,220.42959,1
055_v1.png,459.59040000000005,221.980038,484.420608,249.910218,1
055_v1.png,872.419968,156.790218,895.699584,184.72970999999998,1
055_v1.png,697.500288,265.22031000000004,726.770304,295.930122,0
055_v1.png,691.880256,177.290004,718.400448,206.59952399999997,0
055_v1.png,698.8602239999999,230.329992,728.17056,258.240384,0
055_v1.png,684.899712,129.83954400000002,712.819584,168.91968,0
055_v2.png,856.8996480000001,167.65965000000003,877.079232,184.72970999999998,1
055_v2.png,680.71968,191.250438,708.629184,221.96024999999997,0
055_v2.png,666.76032,142.400268,705.840768,177.290004,0
055_v2.png,450.27936,240.599964,470.449728,265.430412,1
055_v2.png,687.690432,280.56997800000005,719.8001280000001,316.86000600000006,0
055_v2.png,683.5104,241.490424,718.3998720000001,269.410128,0
055_v2.png,959.3297279999999,194.039964,981.0599040000001,226.629636,1
056_r1.png,821.2003199999999,231.28971,841.379904,260.77965,1
056_r1.png,548.13024,227.53988400000003,592.7898240000001,414.559764,2
056_r1.png,543.93984,178.690296,583.020288,223.350648,0
056_r1.png,267.14016,181.62008399999996,296.600256,206.459844,1
056_r1.png,267.14016,231.28971,288.870336,260.77965,1
056_r1.png,420.79046400000004,204.90997800000002,442.52063999999996,232.840158,1
056_r1.png,672.2104319999999,189.390366,697.0406399999999,215.770098,1
056_r2.png,527.879808,212.66978399999996,549.5996160000001,245.259456,1
056_r2.png,759.120192,175.41945599999997,787.0596480000002,209.559576,1
056_r2.png,915.8803200000001,228.189978,937.6001279999999,259.230366,1
056_r2.png,640.240128,177.290004,673.7402880000001,216.37014,0
056_r2.png,636.0503040000001,216.369558,689.090688,400.59933,2
056_r2.png,372.680064,206.459844,395.95968,231.29029200000002,1
056_r2.png,375.78009599999996,259.229784,399.059712,288.709248,1
056_v1.png,884.840256,107.130486,903.460032,135.069978,1
056_v1.png,630.470592,231.72038999999998,694.6704,418.750746,2
056_v1.png,623.490624,191.250438,658.390464,223.350066,0
056_v1.png,371.12025600000004,316.649322,395.95968,336.82959000000005,1
056_v1.png,524.769984,240.600546,546.50016,268.540038,1
056_v1.png,748.2597119999999,164.55060600000002,771.539328,192.490098,1
056_v1.png,903.4600320000001,162.999576,929.83968,186.27957600000002,1
056_v2.png,813.439296,111.79056,846.039744,135.07056,1
056_v2.png,562.079808,212.18963399999998,596.9796479999999,249.869478,0
056_v2.png,309.040704,357.00054599999993,336.98015999999996,375.630366,1
056_v2.png,456.47942400000005,262.330098,478.2096,293.37048599999997,1
056_v2.png,686.1801600000001,178.51977,715.670208,208.00970999999998,1
056_v2.png,850.690368,156.790218,872.4205440000001,176.970486,1
057_r1.png,217.47974399999998,284.060232,243.85939199999999,316.649904,1
057_r1.png,290.419776,214.21965,319.90982400000007,253.019262,1
057_r1.png,350.949312,204.90997800000002,371.11968,231.28971,1
057_r1.png,644.279616,175.42003800000003,672.2098560000001,201.79977,1
057_r1.png,852.240384,243.70959,875.52,274.749978,1
057_r1.png,522.9999359999999,208.00039799999996,550.919808,418.750746,2
057_r1.png,510.440256,156.359538,548.13024,198.22978200000003,0
057_r1.png,198.85017599999998,225.07977,222.12979199999998,243.70959,1
057_r2.png,329.219712,304.230606,352.499328,332.170098,1
057_r2.png,743.6004479999999,181.629978,763.780032,209.56015799999997,1
057_r2.png,954.6802560000001,259.230366,973.300032,285.610098,1
057_r2.png,613.7205120000001,203.80999799999998,648.620352,414.56034600000004,2
057_r2.png,605.3500799999999,163.340046,637.45056,196.82949,0
057_r2.png,301.28025600000007,240.599964,319.9104,265.400148,1
057_r2.png,395.960256,232.84073999999998,414.5800320000001,254.57029200000002,1
057_r2.png,447.170112,211.110024,468.900288,237.50023200000004,1
057_v1.png,634.6598399999999,89.370756,673.7402880000001,125.650308,0
057_v1.png,643.030272,134.029944,690.490368,354.549744,2
057_v1.png,981.0593279999999,225.08035199999998,1005.889536,262.33068000000003,1
057_v1.png,990.369792,162.999576,1008.9999360000002,187.79976,1
057_v1.png,866.209536,158.34939599999998,884.83968,180.069636,1
057_v1.png,810.340416,131.960352,828.9601919999999,153.689904,1
057_v1.png,529.4304,156.78963599999997,552.710016,181.629396,1
057_v1.png,335.43014400000004,282.510366,360.260352,308.89009799999997,1
057_v2.png,951.570432,226.63021799999999,974.850048,257.670606,1
057_v2.png,291.970368,335.27041199999996,312.14995200000004,360.11017200000003,1
057_v2.png,487.52006400000005,201.79977,509.25023999999996,232.840158,1
057_v2.png,780.849792,152.14061999999998,805.6800000000001,172.31041199999999,1
057_v2.png,596.980224,132.62965200000002,640.240128,171.709788,0
057_v2.png,838.2798720000001,175.419456,863.099712,197.13969600000001,1
057_v2.png,956.2302719999999,166.11036600000003,981.06048,192.490098,1
058_r1.png,693.300672,304.299864,722.590272,343.38,0
058_r1.png,971.7505920000001,208.010292,990.370368,242.15041200000002,1
058_r1.png,833.620032,164.55060600000002,852.2398079999999,192.490098,1
058_r1.png,562.02048,225.07977,585.3000959999999,245.26003799999998,1
058_r1.png,425.440512,192.490098,450.279936,223.530486,1
058_r1.png,409.92019200000004,294.91977,437.859648,322.859262,1
058_r1.png,698.859648,175.89960599999998,737.940096,217.76985000000002,0
058_r1.png,693.27936,249.87064199999998,729.569664,281.97027,0
058_r1.png,719.799552,350.359926,746.309376,386.64995400000004,0
058_r2.png,427.00032,282.510366,450.279936,313.550754,1
058_r2.png,722.590272,312.69987000000003,753.2899199999999,347.569818,0
058_r2.png,694.6704,269.409546,723.9807360000001,294.52983,0
058_r2.png,698.8608,213.580614,733.7502720000001,245.68024200000002,0
058_r2.png,711.419904,141.010452,742.1299200000001,175.900188,0
058_r2.png,822.7601279999999,150.58959000000002,850.690368,178.51977,1
058_r2.png,967.090176,192.490098,990.369792,221.980038,1
058_r2.png,434.760192,184.730292,459.5904,208.010292,1
058_r2.png,571.330368,198.699456,593.060544,223.52990400000002,1
058_v1.png,687.7301759999999,176.97048600000002,711.009792,203.350218,1
058_v1.png,291.969792,260.77965,315.249408,290.26959,1
058_v1.png,569.059776,304.299864,601.160256,330.82044,0
058_v1.png,559.29024,357.340434,592.7904,389.440062,0
058_v1.png,541.149696,178.70019000000002,578.8293120000001,219.159666,0
058_v1.png,556.500096,251.259876,581.6206080000001,283.36998,0
058_v1.png,841.379328,225.07977,866.2095360000001,254.56971,1
058_v1.png,811.890432,130.410486,830.5205760000001,158.34997800000002,1
058_v1.png,416.13004800000004,206.459844,440.960256,229.73984400000003,1
058_v2.png,866.209536,124.19996400000001,884.83968,147.479964,1
058_v2.png,892.6001279999999,218.86982999999998,918.979776,246.80932199999998,1
058_v2.png,740.500416,175.419456,768.439872,200.24990400000002,1
058_v2.png,636.100416,354.53985,665.360064,390.829878,0
058_v2.png,640.2401279999999,301.5097559999999,662.570496,329.420148,0
058_v2.png,620.6999040000001,252.660168,648.6197759999999,287.549904,0
058_v2.png,598.370688,174.49989599999998,633.26016,220.559376,0
058_v2.png,485.970048,221.980038,504.600192,249.910218,1
058_v2.png,358.710336,276.299844,380.44051199999996,301.130292,1
059_r1.png,636.0503040000001,113.09016600000001,661.180032,143.799978,0
059_r1.png,640.239552,149.380776,669.5498880000001,258.240384,2
059_r2.png,689.090112,145.190376,718.4004480000001,173.11007999999998,0
059_r2.png,679.3194239999999,177.290004,712.819584,288.950196,2
059_v1.png,634.6598399999999,111.69918599999998,659.780352,142.399686,0
059_v1.png,627.679872,143.799978,663.9701759999999,254.059878,2
059_v2.png,612.329472,167.51996999999997,655.589376,276.390054,2
059_v2.png,617.910336,134.029944,645.81984,160.55052,0
060_r1.png,633.2993280000001,244.299738,658.389888,272.199654,0
060_r1.png,880.17984,169.209516,905.0100480000001,194.03996400000003,1
060_r1.png,728.0801280000001,142.829784,754.470144,176.969904,1
060_r1.png,512.360064,201.79977,529.4304,232.840158,1
060_r1.png,482.87001599999996,212.670366,499.94035199999996,243.71075399999998,1
060_r1.png,391.30041600000004,214.21965,413.030592,242.14982999999998,1
060_r1.png,377.330688,273.190218,400.610304,301.12971,1
060_r1.png,643.0296960000001,281.969688,669.549888,315.46960800000005,0
060_r1.png,629.080128,194.039964,656.9896319999999,220.56054,0
060_r1.png,617.90976,139.61015999999998,655.5893759999999,174.49989599999998,0
060_r2.png,576.0397439999999,201.02047199999998,617.909184,235.91020799999998,0
060_r2.png,697.040064,192.490098,721.8806400000001,221.980038,1
060_r2.png,366.469632,335.26982999999996,391.29983999999996,355.450098,1
060_r2.png,371.12025600000004,397.350024,394.399872,422.18978400000003,1
060_r2.png,479.760192,296.46963600000004,504.600768,321.30939600000005,1
060_r2.png,860.000256,183.17984399999997,886.390272,217.319964,1
060_r2.png,629.080128,341.98029,656.9896319999999,374.079918,0
060_r2.png,610.930368,304.300446,640.2407040000002,336.40007399999996,0
060_r2.png,598.3701119999998,256.849986,627.680448,288.949614,0
060_r2.png,458.04038399999996,315.10062,476.66016,335.27041199999996,1
060_v1.png,624.889728,152.16972,662.569344,187.059456,0
060_v1.png,783.959616,161.44971,811.889856,190.93965,1
060_v1.png,867.759552,133.510218,889.489728,161.44971,1
060_v1.png,900.360576,194.040546,931.4000640000002,223.530486,1
060_v1.png,391.300416,280.95002400000004,420.79046400000004,315.099456,1
060_v1.png,529.429824,209.56015800000003,549.600192,239.05009800000002,1
060_v1.png,756.02016,164.55002399999998,776.199744,189.38978400000002,1
060_v1.png,641.639808,216.37014,666.76032,244.28984400000002,0
060_v1.png,656.990208,305.700738,682.11072,337.800366,0
060_v1.png,652.799808,263.830494,682.1101440000001,290.340594,0
060_v2.png,726.770304,166.129572,760.2704640000001,206.599524,0
060_v2.png,499.939776,305.789784,527.879232,330.620232,1
060_v2.png,628.760448,229.73984399999998,658.240128,263.87996400000003,1
060_v2.png,846.039744,164.55002399999998,872.419392,190.940232,1
060_v2.png,875.52,153.689322,898.799616,184.72970999999998,1
060_v2.png,957.7802879999999,131.95977000000002,979.510464,163.000158,1
060_v2.png,744.92064,231.72038999999998,775.620288,262.399938,0
060_v2.png,763.060032,315.470772,789.5802239999999,344.780292,0
060_v2.png,754.6895999999999,276.390054,783.9999360000002,307.09055400000005,0
060_v2.png,981.059904,192.49068,1008.99936,225.080352,1
061_r1.png,459.589824,423.73965000000004,521.669952,454.780038,1
061_r1.png,872.4205440000001,304.22944199999995,925.190208,336.82959,1
061_r1.png,937.599552,315.099456,985.719744,350.79002399999996,1
061_r1.png,693.279936,432.700122,721.18944,467.600334,0
061_r1.png,366.470208,474.94983,426.999744,505.990218,1
061_r2.png,490.63046399999996,350.789442,543.400128,381.82983,1
061_r2.png,891.039744,212.66978399999996,942.2599680000001,242.149248,1
061_r2.png,950.019264,215.770098,996.579648,257.670606,1
061_r2.png,391.30041600000004,409.77048600000006,453.380544,436.150218,1
061_r2.png,718.3998720000001,351.750324,753.289344,385.250244,0
061_v1.png,641.6403839999999,428.52078,669.549888,464.80033199999997,0
061_v1.png,428.550336,377.17965,482.870592,417.52971,1
061_v1.png,777.750336,302.680158,832.0705919999999,333.720546,1
061_v1.png,872.419968,322.85926199999994,929.840256,364.75977,1
061_v1.png,332.32032,447.02023199999996,385.089984,482.71079999999995,1
061_v2.png,821.2003199999999,262.330098,881.7298559999999,291.820038,1
061_v2.png,333.880128,384.939456,388.200384,419.079576,1
061_v2.png,638.85024,360.13054199999993,669.549888,397.810386,0
061_v2.png,420.790464,332.170098,481.32,363.210486,1
061_v2.png,889.489728,290.299854,943.8099840000001,322.860426,1
062_r1.png,689.090112,328.03033200000004,712.82016,357.339852,0
062_r1.png,658.3904640000001,220.559958,689.090112,251.26045799999997,0
062_r1.png,672.340032,291.73972200000003,704.440512,316.86000599999994,0
062_r1.png,704.43936,371.28981000000005,732.3995519999999,403.389438,0
062_r1.png,718.400448,414.56034600000004,742.130496,450.85037400000004,0
062_r1.png,402.159744,279.39957599999997,426.99916799999994,302.679576,1
062_r1.png,518.560128,274.75056,535.63968,298.03056,1
062_r1.png,546.500736,268.539456,569.780352,291.819456,1
062_r1.png,402.16032,361.659456,423.890496,386.489904,1
062_r1.png,763.780032,220.42959,790.15968,251.469978,1
062_r1.png,931.4000639999999,240.599964,956.230272,263.87996400000003,1
062_r2.png,631.869696,241.49042400000002,655.589376,273.600528,0
062_r2.png,612.3300479999999,206.600688,640.239552,234.520392,0
062_r2.png,587.210112,143.80056000000002,622.0995839999999,178.69029600000002,0
062_r2.png,666.7597440000001,332.2102560000001,694.669248,360.12996,0
062_r2.png,341.63942399999996,240.600546,366.46963199999993,268.540038,1
062_r2.png,349.40044800000004,325.959576,374.230656,350.790024,1
062_r2.png,447.16953599999994,218.870412,473.559552,242.150412,1
062_r2.png,478.210176,206.460426,501.489792,234.390606,1
062_r2.png,693.9400320000001,144.380232,723.43008,167.660232,1
062_r2.png,889.489728,161.450292,909.6693120000001,183.179844,1
062_r2.png,651.4104960000001,287.54990399999997,680.700096,314.07048000000003,0
062_v1.png,430.09977599999996,411.320352,456.479424,433.049904,1
062_v1.png,787.0602240000001,204.90939600000002,810.3398400000001,226.629636,1
062_v1.png,816.549696,197.10012,846.0397439999999,215.77068,1
062_v1.png,923.6401920000001,162.999576,953.119872,189.38978400000002,1
062_v1.png,974.850048,237.50023199999998,998.1296639999999,262.33068000000003,1
062_v1.png,701.649792,312.67018800000005,729.569664,340.589892,0
062_v1.png,668.16,237.30991799999998,703.049472,273.599946,0
062_v1.png,711.42048,354.54974400000003,739.329984,383.84995200000003,0
062_v1.png,718.400448,395.02027799999996,746.309952,425.720778,0
062_v1.png,729.569664,443.86986600000006,754.690176,475.969494,0
062_v1.png,585.300672,301.12971,613.240128,327.509442,1
062_v2.png,705.840192,207.999234,729.57024,238.69973399999998,0
062_v2.png,697.459968,134.030526,733.750272,167.51997,0
062_v2.png,708.6303359999999,252.66074999999998,737.9406720000001,284.760378,0
062_v2.png,715.6103039999999,294.52983,743.5198079999999,326.62945799999994,0
062_v2.png,712.819584,347.569818,737.9400959999999,381.059262,0
062_v2.png,988.820352,242.14983,1012.099968,273.190218,1
062_v2.png,963.99072,166.11036600000003,990.370368,192.490098,1
062_v2.png,855.350208,169.209516,875.520576,194.03996400000003,1
062_v2.png,819.649728,164.55060600000002,841.3799040000001,183.180426,1
062_v2.png,616.339584,183.180426,641.169792,212.670366,1
062_v2.png,454.929408,284.060232,473.559552,307.340232,1
063_r1.png,619.440192,225.07977,639.619776,245.26003799999998,1
063_r1.png,743.599872,203.349636,769.989888,226.629636,1
063_r1.png,779.300352,201.800352,802.579968,226.63080000000002,1
063_r1.png,920.5303680000001,240.600546,940.709952,259.230366,1
063_r1.png,593.060544,234.39002399999998,619.440192,259.229784,1
063_r1.png,495.279936,321.31056,523.219392,353.90023199999996,1
063_r1.png,481.32057599999996,274.75056,504.600192,298.03056,1
063_r1.png,690.4903679999999,224.75035799999998,730.960128,329.42073000000005,2
063_r1.png,701.650368,181.480404,730.9607040000001,216.37014,0
063_r2.png,703.050048,181.48040400000002,730.9595519999999,210.789924,0
063_r2.png,648.929664,211.110024,684.6301440000001,234.390024,1
063_r2.png,696.070656,228.9297,733.750272,330.819276,2
063_r2.png,478.2096,274.75056,499.93977599999994,294.920352,1
063_r2.png,498.390336,322.860426,517.010112,350.79060599999997,1
063_r2.png,596.160576,232.84073999999998,616.3401600000001,254.57029200000002,1
063_r2.png,619.440192,223.529904,639.619776,246.809904,1
063_r2.png,748.200384,204.91056,768.4007040000001,225.080352,1
063_r2.png,779.2997760000001,204.90939600000002,805.679424,226.629636,1
063_r2.png,920.530368,234.39002399999998,942.260544,260.780232,1
063_v1.png,679.3194239999999,107.50995,710.02944,139.609578,0
063_v1.png,828.960192,128.860038,849.1397760000001,156.790218,1
063_v1.png,801.029952,128.860038,822.760128,147.480546,1
063_v1.png,925.2,226.600536,946.919808,251.47056,1
063_v1.png,943.809408,172.31041199999999,968.639616,198.70062000000001,1
063_v1.png,760.68,111.789396,780.850368,139.699788,1
063_v1.png,664.45056,142.829784,687.7301759999999,164.55002399999998,1
063_v1.png,605.47968,144.37965,627.199488,172.30982999999998,1
063_v1.png,475.10956799999997,212.66978399999996,496.83974399999994,235.949784,1
063_v1.png,684.899712,156.35953800000001,735.149952,254.059878,2
063_v2.png,591.509376,280.950024,608.579712,302.679576,1
063_v2.png,732.7399680000001,212.66978400000002,756.019584,232.83957600000002,1
063_v2.png,777.7503360000001,208.010292,813.4404480000001,229.73984400000003,1
063_v2.png,912.76992,201.800352,936.049536,234.390024,1
063_v2.png,915.879744,262.32951599999996,943.8099840000001,287.159964,1
063_v2.png,669.549312,277.77987,725.3798400000001,375.48021,2
063_v2.png,656.989632,230.32941000000002,687.68928,261.02991,0
063_v2.png,467.350272,353.89965,490.629888,380.279382,1
063_v2.png,642.719808,263.879964,670.659264,287.159964,1
064_r1.png,726.7703039999999,154.96040999999997,757.48032,187.060038,0
064_r1.png,732.400128,201.019308,788.1799679999999,415.94958,2
064_r2.png,726.769728,138.209868,758.8702079999999,171.709788,0
064_r2.png,722.5896959999999,187.06062000000003,761.6701439999999,402.00020400000005,2
064_v1.png,663.9701759999999,177.29058600000002,707.23008,400.600494,2
064_v1.png,663.9696,132.629652,693.2799360000001,167.519388,0
064_v2.png,469.970496,147.97990199999998,503.46028799999993,180.07953,0
064_v2.png,476.949312,194.04054599999998,525.799872,413.160054,2
065_r1.png,473.56070400000004,332.169516,496.84032,355.449516,1
065_r1.png,744.920064,361.52035800000004,779.809536,393.619986,0
065_r1.png,722.5896959999999,312.670188,761.6701439999999,346.170108,0
065_r1.png,712.820736,266.62002,750.5003519999999,295.92954,0
065_r1.png,691.8802559999999,212.19021600000002,729.57024,248.469768,0
065_r1.png,462.689856,381.82983,484.420032,409.769322,1
065_r1.png,558.920448,301.12971,582.200064,330.61965,1
065_r1.png,585.3000959999999,285.610098,608.579712,316.650486,1
065_r1.png,805.679424,194.040546,830.52,223.530486,1
065_r1.png,970.1999999999999,197.14959000000002,990.370368,223.529322,1
065_r2.png,591.390144,61.450469999999996,631.870272,93.55009799999999,0
065_r2.png,369.57024,180.07021799999998,397.50969599999996,209.56015799999997,1
065_r2.png,458.04038399999996,150.58959000000002,484.420032,176.96932199999998,1
065_r2.png,490.629888,135.06997800000002,513.909504,163.000158,1
065_r2.png,709.1602559999999,48.880434,735.9799680000001,73.02063,1
065_r2.png,870.069888,67.659828,904.929408,91.789548,1
065_r2.png,360.25977600000004,239.04951599999998,381.989952,262.329516,1
065_r2.png,651.40992,210.790506,689.0895360000001,242.89013400000002,0
065_r2.png,626.2801919999999,154.96040999999997,659.780352,187.060038,0
065_r2.png,608.139648,111.69976799999999,647.2200960000001,141.009288,0
065_v1.png,808.1994239999999,196.029822,858.479616,231.409602,1
065_v1.png,931.120128,209.07011400000002,951.6003840000001,235.14022200000002,1
065_v1.png,951.5998079999999,259.350258,977.6799360000001,283.560294,1
065_v1.png,682.1101440000001,212.19021600000002,708.630336,247.07995200000002,0
065_v1.png,676.529856,263.829912,707.2295039999999,298.71964799999995,0
065_v1.png,680.720256,161.939754,715.609728,198.229782,0
065_v1.png,672.3394559999999,326.63004,703.049472,354.549744,0
065_v1.png,409.650624,231.41018400000002,439.44019199999997,255.630696,1
065_v1.png,569.810304,182.99069399999996,594.0207359999999,214.65033,1
065_v2.png,631.870272,318.260298,665.3600640000001,355.94014200000004,0
065_v2.png,880.8301439999999,205.339494,908.7696000000001,231.409602,1
065_v2.png,856.620288,158.780076,877.10976,183.000588,1
065_v2.png,737.430336,162.51011400000002,783.99072,196.02982200000002,1
065_v2.png,504.59961599999997,209.100378,532.559808,235.14022199999997,1
065_v2.png,361.219392,300.31956599999995,387.29952,322.66953,1
065_v2.png,608.139648,161.940336,641.639808,196.830072,0
065_v2.png,615.120192,212.18963399999998,647.220672,244.289262,0
065_v2.png,627.680448,262.430202,654.2006399999999,294.52983,0
066_r1.png,918.08064,229.55011199999998,944.1504,266.80044000000004,1
066_r1.png,665.360064,262.42962,719.8001280000001,427.119324,2
066_r1.png,417.09945600000003,346.88072999999997,445.029696,376.68029399999995,1
066_r1.png,761.639616,218.37978600000002,783.9895680000001,246.309966,1
066_r1.png,549.329472,298.459494,577.2597119999999,324.52960199999995,1
066_r1.png,652.799808,221.96025,684.900288,252.66074999999998,0
066_r1.png,515.7993600000001,317.08000200000004,541.879488,346.879566,1
066_r1.png,417.100032,408.33993,452.48025599999994,432.549966,1
066_r2.png,417.100032,261.209748,443.16979200000003,294.739932,1
066_r2.png,381.710016,285.419784,404.059968,318.94996799999996,1
066_r2.png,279.27993599999996,313.359858,307.21017599999993,341.29935,1
066_r2.png,548.1296639999999,240.09944400000003,599.769216,403.39002,2
066_r2.png,642.449664,194.16974999999996,666.660096,225.829386,1
066_r2.png,791.4395519999999,229.55011199999998,819.369792,266.80044000000004,1
066_r2.png,275.550336,369.230694,294.18048,400.89032999999995,1
066_r2.png,527.18976,188.46032999999997,560.68992,224.75035799999998,0
066_v1.png,871.5202560000001,175.53993000000003,897.590016,205.339494,1
066_v1.png,776.54016,205.340658,800.7505919999999,237.00029400000003,1
066_v1.png,741.150144,216.50982,769.0896,248.179932,1
066_v1.png,526.980096,305.91025800000006,551.190528,337.569894,1
066_v1.png,396.609984,400.889748,424.54022399999997,440.00014799999997,1
066_v1.png,613.7193599999998,244.29042600000002,643.0296960000001,277.77987,0
066_v1.png,899.4597120000001,233.28015,925.5294719999999,259.350258,1
066_v2.png,624.889728,233.120682,659.7792000000001,265.22031000000004,0
066_v2.png,415.22976,399.030258,446.89017600000005,430.689894,1
066_v2.png,540.0103680000001,300.32073,573.54048,330.120294,1
066_v2.png,757.910016,210.930186,782.1296639999999,238.86036599999997,1
066_v2.png,797.0204160000001,205.299336,821.2400640000001,233.279568,1
066_v2.png,893.869632,181.130622,912.4894079999999,212.79025800000002,1
066_v2.png,916.22016,237.000294,942.2899199999999,266.799858,1
067_r1.png,839.860416,277.969602,862.210368,309.629238,1
067_r1.png,527.1897600000001,184.270512,557.899776,217.77043199999997,0
067_r1.png,219.68063999999998,311.49978600000003,240.170112,343.15942199999995,1
067_r1.png,234.58003200000002,251.900658,253.199808,279.84015,1
067_r1.png,335.150208,248.179932,355.63967999999994,270.51942,1
067_r2.png,553.709376,145.189794,585.809856,181.479822,0
067_r2.png,243.88992,339.429966,262.520064,365.509386,1
067_r2.png,253.199808,279.84015000000005,275.54976,307.77033,1
067_r2.png,351.90950399999997,259.350258,370.53964799999994,289.14982200000003,1
067_r2.png,878.9702400000001,114.08073,903.180672,143.88029400000002,1
067_v1.png,379.85068799999993,391.580658,398.470464,419.52015,1
067_v1.png,933.000192,190.440294,955.33056,214.65033,1
067_v1.png,959.049792,238.86036600000003,986.9892480000001,268.65993,1
067_v1.png,694.669248,269.410128,726.7697280000001,308.49026399999997,0
067_v1.png,837.9993599999999,222.09993,858.479616,244.44989400000003,1
067_v2.png,622.10016,247.08053399999997,663.9696,455.03029799999996,2
067_v2.png,895.730688,171.81978600000002,916.2201600000001,201.61935,1
067_v2.png,918.079488,227.690622,942.2899199999999,255.630114,1
067_v2.png,301.629888,296.600586,329.56012799999996,331.98036599999995,1
067_v2.png,623.489472,198.229782,661.1794560000001,230.32941000000002,0
067_v2.png,793.299456,186.72015000000002,817.5098879999999,212.79025800000002,1
068_r1.png,392.879808,244.44989399999997,409.64947200000006,268.65993,1
068_r1.png,364.950144,294.739932,391.01990400000005,317.07942,1
068_r1.png,957.190464,168.08974800000001,985.1299200000001,205.34007599999998,1
068_r1.png,787.7105280000001,168.09033,815.6499840000001,194.16975,1
068_r1.png,521.390016,205.340658,543.739968,237.00029400000003,1
068_r1.png,471.099456,233.28015,493.449408,259.350258,1
068_r1.png,662.5699199999999,166.130154,700.259904,202.420182,0
068_r1.png,663.970752,198.22978199999997,722.590272,383.84936999999996,2
068_r2.png,392.880384,242.589822,411.51052799999997,264.939786,1
068_r2.png,972.090432,223.95942,1005.6101759999999,257.489604,1
068_r2.png,808.2005760000001,192.300366,834.2703359999999,216.51040200000003,1
068_r2.png,553.050432,186.72015,575.400384,222.09993,1
068_r2.png,694.6704,175.899606,723.9807360000001,206.60010599999998,0
068_r2.png,682.110144,201.02047199999998,726.769728,383.8499519999999,2
068_r2.png,502.77024,199.749966,519.530688,229.54952999999998,1
068_r2.png,417.100032,197.889894,443.16979200000003,227.689458,1
068_v1.png,871.5202560000001,145.740366,897.590016,168.09033000000002,1
068_v1.png,564.220224,181.129458,592.1596800000001,207.199566,1
068_v1.png,411.509952,250.03942200000003,433.85990400000003,277.969602,1
068_v1.png,983.260224,186.72015000000002,1005.610176,216.510402,1
068_v1.png,677.9203200000001,135.41976,712.82016,170.309496,0
068_v1.png,679.320576,174.49989599999998,739.33056,355.93956000000003,2
068_v1.png,955.3299840000001,134.599722,979.500096,164.399286,1
068_v1.png,821.2400640000001,134.569458,845.4504959999999,158.77949400000003,1
068_v2.png,663.9696,166.130154,693.2799360000001,202.420182,0
068_v2.png,655.5905280000001,205.209708,700.26048,397.809804,2
068_v2.png,379.85011199999997,209.070696,404.06054400000005,231.410184,1
068_v2.png,551.189952,188.580222,569.8097280000001,212.79025800000002,1
068_v2.png,806.33952,186.72015,828.6894719999999,210.930186,1
068_v2.png,867.799872,209.070114,884.56032,229.55069400000002,1
068_v2.png,932.979456,203.479422,957.1898879999999,227.68945800000003,1
068_v2.png,968.370048,250.03942199999997,992.5804799999999,276.10953,1
069_r1.png,512.079552,270.520002,534.429504,296.599422,1
069_r1.png,430.129728,285.420366,446.89017600000005,311.49978600000003,1
069_r1.png,534.43008,205.33949400000003,558.640512,225.829386,1
069_r1.png,437.580288,220.239858,458.06976,244.44989400000003,1
069_r1.png,655.5905280000001,184.299612,726.770304,283.36998,2
069_r1.png,895.7295359999999,188.580222,925.5294719999999,212.79025800000002,1
069_r1.png,782.1296639999999,141.99985199999998,802.6099200000001,164.369604,1
069_r1.png,769.090176,225.829386,789.5796480000001,251.899494,1
069_r1.png,644.3101439999999,268.65993,664.7904,285.420366,1
069_r1.png,636.86016,155.05935000000002,657.340416,175.53992999999997,1
069_r2.png,549.330048,268.65993,569.810304,292.86996600000003,1
069_r2.png,582.8503680000001,240.72975000000002,601.470144,266.79985800000003,1
069_r2.png,484.14009599999997,248.179932,500.900544,270.51942,1
069_r2.png,934.8399360000001,205.299918,949.739904,223.960002,1
069_r2.png,696.069504,227.49972599999998,758.869632,325.239642,2
069_r2.png,474.829632,305.91025799999994,491.59008000000006,326.40015,1
069_r2.png,925.530048,181.129458,947.8799999999999,199.749966,1
069_r2.png,802.6099199999999,160.639566,821.2400640000001,184.84960200000003,1
069_r2.png,791.439552,184.850766,810.0593279999999,212.790258,1
069_r2.png,677.829888,237.000294,692.7298559999999,261.21033,1
069_r2.png,679.690368,203.480586,700.1798400000001,225.83055000000002,1
069_v1.png,877.110336,223.95942,895.730112,248.17993199999998,1
069_v1.png,592.789824,258.239802,668.159424,357.33927,2
069_v1.png,828.690048,175.539348,852.9004799999999,214.64974800000002,1
069_v1.png,739.29024,209.070696,759.7797120000001,231.410184,1
069_v1.png,698.319936,182.98953,720.669888,205.33949400000003,1
069_v1.png,623.8195199999999,227.68945800000003,642.449664,246.309966,1
069_v1.png,601.469568,205.339494,620.099712,222.09993,1
069_v1.png,556.780608,248.17935000000003,575.400384,268.65993,1
069_v1.png,469.240704,223.96000199999997,489.730176,246.309966,1
069_v1.png,441.30988799999994,253.75956599999998,459.929664,277.969602,1
069_v2.png,767.230272,175.53992999999997,785.850048,199.749966,1
069_v2.png,553.050432,182.990112,580.9898880000001,227.69004,1
069_v2.png,726.770304,210.789924,782.6008320000001,319.649532,2
069_v2.png,1013.059584,257.490186,1031.689728,279.84015,1
069_v2.png,983.2608,196.029822,1003.7502720000001,222.09993,1
069_v2.png,944.1504000000001,207.19956599999998,959.050368,231.409602,1
069_v2.png,886.419648,203.479422,905.0394239999999,229.54953,1
069_v2.png,804.4704000000002,182.98953,828.690048,205.33949400000003,1
069_v2.png,674.1100799999999,158.780076,709.490304,199.750548,1
070_r1.png,592.160256,192.300366,616.370688,220.239858,1
070_r1.png,765.359424,155.06051399999998,791.439552,179.27055,1
070_r1.png,683.5098239999999,187.060038,725.379264,347.569818,2
070_r1.png,677.92032,143.799978,707.2306560000001,177.28942199999997,0
070_r1.png,903.180672,188.580222,923.6701440000002,210.93018600000002,1
070_r1.png,480.41971200000006,244.44989399999997,500.899968,270.520002,1
070_r2.png,972.089856,223.960002,1003.799808,251.899494,1
070_r2.png,845.4499200000001,205.339494,864.069696,227.68945800000003,1
070_r2.png,672.239808,270.520002,694.5897600000001,292.86996600000003,1
070_r2.png,562.359744,320.809458,588.439872,346.879566,1
070_r2.png,763.060032,251.300034,821.6795520000001,418.74958200000003,2
070_r2.png,756.08064,210.789342,784.000512,241.489842,0
070_v1.png,476.689536,276.10953,500.899968,294.73935,1
070_v1.png,680.720256,220.559958,721.190016,382.459554,2
070_v1.png,676.529856,174.49989599999998,705.8401920000001,212.19021600000002,0
070_v1.png,774.6796800000001,192.300366,798.890112,216.51040200000003,1
070_v1.png,901.320192,210.930186,921.8096640000001,235.14022200000002,1
070_v1.png,597.74976,212.79025800000002,618.2300160000001,233.28015,1
070_v2.png,679.3199999999999,216.37014,721.18944,385.250244,2
070_v2.png,476.69011200000006,274.249458,502.77024,298.459494,1
070_v2.png,597.74976,210.930186,621.9601919999999,235.14022200000002,1
070_v2.png,778.40064,194.17033200000003,798.890112,216.50982,1
070_v2.png,897.58944,212.79025800000002,923.669568,238.86036600000003,1
070_v2.png,676.529856,174.50047800000002,707.2295039999999,210.79050600000002,0
071_r1.png,754.6895999999999,153.570012,788.179392,362.920068,2
071_r1.png,750.5003519999999,124.25991,789.5808,157.74935399999998,0
071_r2.png,645.8198399999999,128.439834,675.130176,163.340046,0
071_r2.png,643.0296960000001,157.74993600000002,686.2999679999999,372.68952,2
071_v1.png,666.76032,118.670382,700.26048,153.570594,0
071_v1.png,665.359488,159.149646,732.3598079999999,360.129378,2
071_v2.png,687.689856,168.900474,726.770304,372.69010199999997,2
071_v2.png,684.899712,128.440416,718.3998720000001,160.55052,0
072_r1.png,661.180032,205.199814,733.799808,392.23017000000004,2
072_r1.png,884.559744,160.64073000000002,910.629504,186.72015000000002,1
072_r1.png,433.86048,333.84975000000003,459.93024,361.77993000000004,1
072_r1.png,739.29024,156.919422,759.7797120000001,182.98953,1
072_r1.png,560.49984,244.44989399999997,586.5696,266.79985800000003,1
072_r1.png,530.70048,266.79985800000003,558.639936,294.73935,1
072_r1.png,448.76044800000005,266.79985800000003,469.240704,294.73935,1
072_r1.png,644.429952,171.709788,684.899712,201.019308,0
072_r2.png,314.66016,263.070402,337.010112,292.86996600000003,1
072_r2.png,424.54022399999997,235.14022200000002,441.309888,255.630114,1
072_r2.png,454.339584,216.50982,472.969728,240.730332,1
072_r2.png,648.029952,227.69062200000002,668.5194240000001,248.180514,1
072_r2.png,774.67968,229.54953,795.159936,250.03942199999997,1
072_r2.png,562.080384,196.830072,587.210112,231.719808,0
072_r2.png,552.309696,237.31049999999996,598.3701120000001,425.720196,2
072_r2.png,340.73971199999994,205.339494,364.950144,229.54953,1
072_v1.png,619.310016,201.01989,663.9696,395.020278,2
072_v1.png,612.3300479999999,161.94033600000003,645.81984,195.440256,0
072_v1.png,394.75008,257.490186,420.81984000000006,289.149822,1
072_v1.png,538.149312,201.620514,554.90976,225.83055000000002,1
072_v1.png,726.2496,168.09033,744.8797440000001,197.88989399999997,1
072_v1.png,756.050112,177.39942000000002,769.0896,201.619932,1
072_v1.png,834.26976,149.46982200000002,856.619712,177.400002,1
072_v1.png,862.2097920000001,216.510402,886.420224,242.589822,1
072_v2.png,448.760448,389.719422,474.830208,415.78953,1
072_v2.png,560.500416,289.14982200000003,579.120192,322.66953,1
072_v2.png,729.9797760000001,220.23985799999997,754.190208,242.589822,1
072_v2.png,770.950656,216.50982,791.440128,248.179932,1
072_v2.png,834.270336,160.64073000000002,858.480768,192.30036599999997,1
072_v2.png,869.6597760000001,210.930186,893.8702079999999,240.72974999999997,1
072_v2.png,622.100736,228.930282,659.780352,263.830494,0
073_r1.png,606.74976,219.16083000000003,645.8198399999999,335.010258,2
073_r1.png,610.9297919999999,181.479822,641.639808,212.18963399999998,0
073_r2.png,630.46944,254.06046,679.32,368.500284,2
073_r2.png,631.870272,217.769268,662.5699199999999,244.28984399999996,0
073_v1.png,694.669824,163.34062799999998,730.9601279999999,199.62018,0
073_v1.png,698.8602239999999,202.4196,743.5198079999999,321.049824,2
073_v2.png,648.620352,216.37014,682.1101440000001,251.259876,0
073_v2.png,656.9896319999999,254.06046,701.6492159999999,374.08050000000003,2
074_r1.png,726.7697280000001,131.239836,770.04,166.129572,0
074_r1.png,728.1694079999999,171.71036999999995,774.229824,374.079918,2
074_r2.png,623.4900479999999,174.500478,654.200064,206.60010599999998,0
074_v1.png,631.869696,156.360702,666.7591679999999,189.85014599999997,0
074_v2.png,689.089536,141.00987,728.169984,343.37941800000004,2
074_v2.png,675.1301759999999,110.300058,704.440512,142.399686,0
075_r1.png,363.089664,261.21033,385.429248,283.560294,1
075_r1.png,407.780352,333.84975,428.26982399999997,358.059786,1
075_r1.png,624.890304,238.69973400000006,683.509824,421.53969,2
075_r1.png,616.51008,196.83007200000003,647.2200960000001,230.329992,0
075_r1.png,878.9708159999999,233.28015,921.81024,266.79985800000003,1
075_r1.png,726.250176,203.479422,744.899904,229.54953,1
075_r1.png,495.31968,248.17935,519.530112,277.96960199999995,1
075_r1.png,364.949568,317.08000200000004,381.710016,343.15942200000006,1
075_r2.png,647.220096,263.830494,680.720256,295.930122,0
075_r2.png,407.77977599999997,361.77993000000004,424.540224,384.12989400000004,1
075_r2.png,407.77977599999997,419.52014999999994,430.129728,443.730186,1
075_r2.png,454.339584,430.68989400000004,472.969728,454.89993000000004,1
075_r2.png,536.289984,333.84975000000003,554.90976,361.77993000000004,1
075_r2.png,752.3297279999999,240.72975000000002,772.8099840000001,266.79985800000003,1
075_r2.png,908.770176,222.099348,944.1504000000001,259.349676,1
075_v1.png,563.480064,206.599524,595.6001279999999,240.09944399999998,0
075_v1.png,296.040384,304.050186,325.8,331.98036599999995,1
075_v1.png,329.559552,302.190114,353.769984,328.260222,1
075_v1.png,463.70016,235.14022200000002,489.7296,264.90021,1
075_v1.png,696.4600320000001,201.61935,720.6704639999999,222.09993000000003,1
075_v1.png,834.26976,160.63956599999997,851.0302079999999,182.98953,1
075_v1.png,851.029632,214.65033,869.6597760000001,238.86036600000003,1
075_v1.png,824.960448,242.589822,852.8999040000001,264.939786,1
075_v1.png,577.4405760000001,241.489842,624.890304,436.889358,2
075_v2.png,970.229952,156.919422,986.9904,182.98953,1
075_v2.png,435.72038399999997,279.84015000000005,458.070336,307.77033,1
075_v2.png,461.790144,272.389386,484.14009599999997,300.319566,1
075_v2.png,708.6303359999999,221.96025,758.8702079999999,407.57983800000005,2
075_v2.png,605.2003199999999,210.930186,627.550272,246.309966,1
075_v2.png,697.459968,181.48040400000002,730.960128,214.980324,0
075_v2.png,830.549952,188.580222,858.4801920000001,212.79025800000002,1
075_v2.png,957.1898879999999,237.00029400000003,977.67936,268.65993,1
075_v2.png,972.090432,216.50982,1005.6101759999999,240.730332,1
076_r1.png,769.0896,361.77993000000004,791.439552,384.12989400000004,1
076_r1.png,383.570496,410.200002,405.92044799999996,438.13949399999996,1
076_r1.png,450.620352,389.720586,467.3808,421.380222,1
076_r1.png,474.83020799999997,391.579494,499.04064,417.649602,1
076_r1.png,579.120192,318.95054999999996,605.2003200000001,352.50052200000005,1
076_r1.png,893.8702079999999,363.640002,908.770176,393.439566,1
076_r2.png,629.399808,359.89948799999996,648.0299520000001,385.98938400000003,1
076_r2.png,787.7093760000001,441.870114,819.369792,471.66036599999995,1
076_r2.png,912.49056,479.109966,934.840512,501.45993,1
076_r2.png,474.829632,391.579494,493.44940800000006,417.649602,1
076_r2.png,508.349376,399.030258,525.109824,423.240294,1
076_r2.png,400.330368,399.030258,420.81984,423.240294,1
076_v1.png,845.4499200000001,309.630402,864.069696,337.569894,1
076_v1.png,417.09945600000003,361.77993000000004,445.029696,391.579494,1
076_v1.png,536.29056,341.29935,562.36032,369.22952999999995,1
076_v1.png,720.669312,266.799858,741.149568,291.009894,1
076_v1.png,810.0599040000001,318.949386,834.2703359999999,346.879566,1
076_v1.png,932.979456,315.21993,962.779392,343.15942199999995,1
076_v2.png,573.5393280000001,380.40975000000003,597.74976,404.61978600000003,1
076_v2.png,737.4297600000001,272.39054999999996,763.4995200000001,309.630402,1
076_v2.png,810.0599040000001,339.429966,839.8598400000001,361.77993000000004,1
076_v2.png,456.210432,399.030258,478.550016,428.829822,1
076_v2.png,934.8007680000001,343.160586,959.050368,372.96015,1
076_v2.png,841.719744,331.98036600000006,867.799872,359.91985800000003,1
